txn_id,y_access_failure,y_maker_checker_breakdown,y_cbs_posting_failure,y_account_opening_failure,api_latency_ms,retry_count,peak_hour_flag,server_region,hour,day_of_week,is_weekend,latency_band,retry_band,otp_failure_flag,session_timeout_flag,token_mismatch_flag,external_dependency_failure_flag,client_network_drop_flag,app_crash_flag,middleware_timeout_flag,field_error_flag,error_field_name,caching_issue_flag,tat_minutes,tat_hours,tat_bucket,submission_hour,submission_day_of_week,peak_submission_flag,control_risk_score,api_call_status,api_latency_ms_cbs_int,retry_attempts,cbs_sync_status,reconciliation_flag,data_loss_flag,event_hour,event_day_of_week,peak_event_flag,api_latency_band_integration,retry_band_integration,sync_risk_score,account_type,channel,branch_id,txn_month,txn_day_of_week,end_to_end_friction_score,total_failure_layers,is_slow_auth,is_slow_cbs
TXN0001054,0,0,0,1,727,2,0,South,17,6,1,moderate,medium,1,0,0,0,0,0,0,0,No_Error,0,77,1.2833333333333334,1-2h,17,6,0,1,Success,683,0,Synced,0,0,17,6,0,moderate,none,0,Current,Mobile,B246,3,6,1,0,0,0
TXN0028607,0,0,0,0,365,1,0,North,5,6,1,low,low,0,0,0,0,0,0,0,0,No_Error,0,29,0.4833333333333333,15-30m,5,6,0,0,Success,693,0,Synced,0,0,5,6,0,moderate,none,0,Current,Tablet,B466,3,6,0,0,0,0
TXN0030862,0,0,0,0,237,2,0,West,4,6,1,low,medium,0,0,1,0,0,0,0,0,No_Error,0,123,2.05,>2h,4,6,0,1,Success,450,0,Synced,0,0,4,6,0,low,none,0,Savings,Mobile,B285,3,6,1,0,0,0
TXN0037766,1,1,0,0,1091,1,0,West,21,6,1,high,low,0,0,1,1,0,0,1,1,Address,1,268,4.466666666666667,>2h,21,6,0,3,Success,762,0,Synced,0,0,21,6,0,moderate,none,0,Savings,Tablet,B107,3,6,3,2,1,0
TXN0045263,0,0,0,0,452,1,0,South,6,6,1,low,low,0,0,0,0,0,0,0,0,No_Error,0,98,1.6333333333333333,1-2h,6,6,0,1,Success,796,0,Synced,0,0,6,6,0,moderate,none,0,Current,Mobile,B108,3,6,1,0,0,0
TXN0055242,1,0,0,0,731,1,0,East,0,6,1,moderate,low,0,0,0,0,0,0,1,0,No_Error,0,91,1.5166666666666666,1-2h,0,6,0,1,Success,951,0,Synced,0,0,0,6,0,moderate,none,0,Current,Mobile,B502,3,6,1,1,0,0
TXN0095554,0,0,0,0,228,1,0,West,6,6,1,low,low,0,0,0,0,0,0,0,0,No_Error,0,158,2.6333333333333333,>2h,6,6,0,1,Success,782,0,Synced,0,0,6,6,0,moderate,none,0,Current,Mobile,B353,3,6,1,0,0,0
TXN0024021,0,0,0,0,2972,3,1,West,11,6,1,very_high,high,0,0,0,0,0,0,1,0,No_Error,0,123,2.05,>2h,11,6,1,1,Success,1156,0,Synced,0,0,11,6,1,high,none,1,Savings,Mobile,B491,3,6,4,0,1,1
TXN0053156,1,0,0,1,2551,2,1,North,10,6,1,very_high,medium,0,1,0,1,0,0,0,0,No_Error,0,167,2.783333333333333,>2h,10,6,1,1,Success,385,0,Synced,0,0,10,6,1,low,none,0,Current,Mobile,B498,3,6,3,1,1,0
TXN0009922,0,0,0,0,630,1,0,South,6,6,1,moderate,low,0,0,0,0,0,0,0,0,No_Error,0,73,1.2166666666666666,1-2h,6,6,0,1,Success,485,0,Synced,0,0,6,6,0,low,none,0,Savings,Mobile,B199,3,6,1,0,0,0
TXN0072077,0,0,0,0,2331,1,1,East,11,6,1,very_high,low,0,0,0,0,0,1,1,0,No_Error,0,151,2.5166666666666666,>2h,11,6,1,1,Success,302,0,Synced,0,0,11,6,1,low,none,0,Savings,Mobile,B279,3,6,3,0,1,0
TXN0034335,1,0,0,0,2491,1,1,West,9,6,1,very_high,low,0,0,1,1,0,1,1,0,No_Error,0,41,0.6833333333333333,30-60m,9,6,1,0,Success,900,0,Synced,0,0,9,6,1,moderate,none,0,Current,Tablet,B450,3,6,2,1,1,0
TXN0027058,1,1,1,0,821,1,0,East,19,6,1,moderate,low,0,0,0,0,0,0,0,1,KYC_ID,0,102,1.7,1-2h,19,6,0,2,Failure,4459,3,Failed,1,1,19,6,0,very_high,high,4,Savings,Tablet,B166,3,6,6,3,0,1
TXN0050309,0,0,0,1,2481,1,1,South,9,6,1,very_high,low,0,0,0,0,0,0,1,0,No_Error,0,35,0.5833333333333334,30-60m,9,6,1,0,Success,1106,0,Synced,0,0,9,6,1,high,none,1,Current,Mobile,B540,3,6,3,0,1,1
TXN0086802,0,1,0,1,1052,1,0,North,16,6,1,high,low,0,0,0,0,0,0,0,1,DOB,1,207,3.45,>2h,16,6,0,3,Success,1016,0,Synced,0,0,16,6,0,high,none,1,Savings,Tablet,B386,3,6,4,1,1,1
TXN0047610,0,0,0,1,351,1,0,North,23,6,1,low,low,0,0,0,0,0,0,0,0,No_Error,0,136,2.2666666666666666,>2h,23,6,0,1,Success,707,0,Synced,0,0,23,6,0,moderate,none,0,Savings,Mobile,B401,3,6,1,0,0,0
TXN0074150,0,0,0,0,360,2,0,North,6,6,1,low,medium,0,0,1,0,0,0,0,0,No_Error,0,105,1.75,1-2h,6,6,0,1,Success,517,0,Synced,0,0,6,6,0,moderate,none,0,Savings,Mobile,B399,3,6,1,0,0,0
TXN0055137,0,0,0,0,1144,1,0,West,4,6,1,high,low,0,0,0,0,0,0,0,0,No_Error,0,108,1.8,1-2h,4,6,0,1,Success,611,0,Synced,0,0,4,6,0,moderate,none,0,Savings,Tablet,B539,3,6,1,0,1,0
TXN0078548,0,1,0,0,652,1,0,South,8,6,1,moderate,low,0,0,0,0,0,0,0,1,Address,0,97,1.6166666666666667,1-2h,8,6,0,2,Success,1044,0,Synced,0,0,8,6,0,high,none,1,Current,Tablet,B121,3,6,3,1,0,1
TXN0016754,1,0,0,1,3504,2,1,North,10,6,1,very_high,medium,1,0,1,0,0,1,1,0,No_Error,0,164,2.7333333333333334,>2h,10,6,1,1,Success,1037,0,Synced,0,0,10,6,1,high,none,1,Current,Tablet,B585,3,6,4,1,1,1
TXN0047502,1,0,0,1,3049,2,1,West,9,6,1,very_high,medium,0,0,0,1,0,1,0,0,No_Error,0,15,0.25,<=15m,9,6,1,0,Success,480,0,Synced,0,0,9,6,1,low,none,0,Current,Mobile,B237,3,6,2,1,1,0
TXN0022714,0,1,0,0,221,1,0,West,13,6,1,low,low,0,0,0,1,0,0,0,1,PAN,0,220,3.6666666666666665,>2h,13,6,0,2,Success,411,0,Synced,0,0,13,6,0,low,none,0,Savings,Mobile,B481,3,6,2,1,0,0
TXN0091469,1,1,0,0,1070,3,0,North,1,6,1,high,high,0,0,0,0,0,1,0,1,PAN,1,110,1.8333333333333333,1-2h,1,6,0,3,Success,354,0,Synced,0,0,1,6,0,low,none,0,Current,Tablet,B323,3,6,3,2,1,0
TXN0061534,0,1,0,1,913,1,0,North,7,6,1,moderate,low,0,0,0,0,0,0,0,1,Address,0,293,4.883333333333334,>2h,7,6,0,2,Success,884,0,Synced,0,0,7,6,0,moderate,none,0,Current,Tablet,B500,3,6,2,1,0,0
TXN0073350,0,0,0,0,932,1,0,South,14,6,1,moderate,low,0,0,0,0,0,0,0,0,No_Error,0,176,2.933333333333333,>2h,14,6,0,1,Success,526,0,Synced,0,0,14,6,0,moderate,none,0,Savings,Tablet,B595,3,6,1,0,0,0
TXN0090092,0,0,0,0,2250,1,1,South,10,6,1,very_high,low,1,0,0,0,0,1,0,0,No_Error,0,87,1.45,1-2h,10,6,1,1,Success,709,0,Synced,0,0,10,6,1,moderate,none,0,Savings,Mobile,B438,3,6,3,0,1,0
TXN0027291,0,0,0,0,233,1,0,South,1,6,1,low,low,0,0,0,0,0,0,0,0,No_Error,0,33,0.55,30-60m,1,6,0,0,Success,1123,0,Synced,0,0,1,6,0,high,none,1,Current,Mobile,B522,3,6,1,0,0,1
TXN0007777,0,0,0,0,233,1,0,East,1,6,1,low,low,0,0,0,0,1,0,0,0,No_Error,0,92,1.5333333333333334,1-2h,1,6,0,1,Success,597,0,Synced,0,0,1,6,0,moderate,none,0,Current,Mobile,B125,3,6,1,0,0,0
TXN0085082,0,0,0,0,389,1,0,North,4,6,1,low,low,0,0,0,0,0,0,0,0,No_Error,0,53,0.8833333333333333,30-60m,4,6,0,0,Success,961,0,Synced,0,0,4,6,0,moderate,none,0,Current,Mobile,B524,3,6,0,0,0,0
TXN0071456,0,0,0,0,726,1,0,West,21,6,1,moderate,low,0,1,1,0,1,0,0,0,No_Error,0,149,2.4833333333333334,>2h,21,6,0,1,Success,376,0,Synced,0,0,21,6,0,low,none,0,Current,Tablet,B372,3,6,1,0,0,0
TXN0058370,0,0,0,0,1055,1,0,East,23,6,1,high,low,0,0,0,0,0,0,0,0,No_Error,0,67,1.1166666666666667,1-2h,23,6,0,1,Success,393,0,Synced,0,0,23,6,0,low,none,0,Current,Mobile,B519,3,6,1,0,1,0
TXN0075668,1,0,1,1,1886,1,1,North,9,6,1,high,low,0,1,0,1,0,0,0,0,No_Error,0,20,0.3333333333333333,15-30m,9,6,1,0,Failure,2504,2,Failed,1,0,9,6,1,very_high,medium,3,Current,Mobile,B136,3,6,5,2,1,1
TXN0016935,1,0,0,0,796,1,0,South,12,6,1,moderate,low,0,0,1,0,0,0,1,0,No_Error,0,30,0.5,15-30m,12,6,0,0,Success,382,0,Synced,0,0,12,6,0,low,none,0,Savings,Tablet,B497,3,6,0,1,0,0
TXN0087114,0,0,0,1,354,1,0,South,14,6,1,low,low,0,0,0,0,0,0,0,0,No_Error,0,151,2.5166666666666666,>2h,14,6,0,1,Success,328,0,Synced,0,0,14,6,0,low,none,0,Savings,Mobile,B366,3,6,1,0,0,0
TXN0060291,0,0,0,0,578,2,0,West,23,6,1,moderate,medium,0,0,0,0,0,0,0,0,No_Error,0,139,2.316666666666667,>2h,23,6,0,1,Success,518,0,Synced,0,0,23,6,0,moderate,none,0,Savings,Tablet,B413,3,6,1,0,0,0
TXN0036878,0,0,0,0,794,1,0,South,1,6,1,moderate,low,0,0,0,0,0,0,0,0,No_Error,0,111,1.85,1-2h,1,6,0,1,Success,903,0,Synced,0,0,1,6,0,moderate,none,0,Savings,Tablet,B433,3,6,1,0,0,0
TXN0074074,0,1,0,0,744,1,0,East,1,6,1,moderate,low,0,0,0,0,0,0,0,1,PAN,1,247,4.116666666666666,>2h,1,6,0,3,Success,734,0,Synced,0,0,1,6,0,moderate,none,0,Savings,Tablet,B366,3,6,3,1,0,0
TXN0046253,0,0,0,0,588,1,0,North,23,6,1,moderate,low,0,0,0,0,1,0,0,0,No_Error,0,106,1.7666666666666666,1-2h,23,6,0,1,Success,634,0,Synced,0,0,23,6,0,moderate,none,0,Current,Tablet,B555,3,6,1,0,0,0
TXN0057101,0,0,0,0,428,1,0,North,13,6,1,low,low,0,0,0,0,0,0,0,0,No_Error,0,106,1.7666666666666666,1-2h,13,6,0,1,Success,1102,0,Synced,0,0,13,6,0,high,none,1,Current,Mobile,B191,3,6,2,0,0,1
TXN0068725,0,0,0,1,801,1,0,East,4,6,1,moderate,low,1,0,0,0,0,0,0,0,No_Error,0,161,2.683333333333333,>2h,4,6,0,1,Success,1033,0,Synced,0,0,4,6,0,high,none,1,Savings,Mobile,B477,3,6,2,0,0,1
TXN0052406,0,0,0,0,630,2,0,North,3,6,1,moderate,medium,0,0,0,0,0,0,0,0,No_Error,0,65,1.0833333333333333,1-2h,3,6,0,1,Success,390,0,Synced,0,0,3,6,0,low,none,0,Current,Tablet,B184,3,6,1,0,0,0
TXN0055193,0,0,0,0,288,1,0,North,7,6,1,low,low,0,0,0,0,0,1,0,0,No_Error,0,91,1.5166666666666666,1-2h,7,6,0,1,Success,329,0,Synced,0,0,7,6,0,low,none,0,Current,Tablet,B494,3,6,1,0,0,0
TXN0015902,0,0,0,0,870,1,0,West,18,6,1,moderate,low,0,0,0,0,0,0,0,0,No_Error,0,151,2.5166666666666666,>2h,18,6,0,1,Success,1196,0,Synced,0,0,18,6,0,high,none,1,Current,Tablet,B596,3,6,2,0,0,1
TXN0069033,0,1,0,0,556,1,0,West,5,6,1,moderate,low,0,0,0,0,0,0,0,1,PAN,1,227,3.783333333333333,>2h,5,6,0,3,Success,1153,0,Synced,0,0,5,6,0,high,none,1,Current,Mobile,B403,3,6,4,1,0,1
TXN0030499,0,0,0,0,2282,1,1,North,9,6,1,very_high,low,0,0,0,0,0,0,1,0,No_Error,0,159,2.65,>2h,9,6,1,1,Success,1114,0,Synced,0,0,9,6,1,high,none,1,Current,Mobile,B496,3,6,4,0,1,1
TXN0023444,0,0,1,1,1108,1,0,South,21,6,1,high,low,1,0,0,0,0,0,0,0,No_Error,0,151,2.5166666666666666,>2h,21,6,0,1,Failure,3474,3,Failed,1,1,21,6,0,very_high,high,4,Current,Tablet,B409,3,6,5,1,1,1
TXN0005854,0,0,0,0,526,1,0,South,0,6,1,moderate,low,0,0,0,0,0,0,0,0,No_Error,0,168,2.8,>2h,0,6,0,1,Success,1099,0,Synced,0,0,0,6,0,high,none,1,Current,Mobile,B529,3,6,2,0,0,1
TXN0005473,1,0,1,0,774,1,0,East,23,6,1,moderate,low,0,0,0,0,0,0,0,0,No_Error,0,75,1.25,1-2h,23,6,0,1,Failure,4212,1,Failed,1,0,23,6,0,very_high,low,3,Current,Tablet,B486,3,6,4,2,0,1
TXN0037469,0,0,0,0,508,2,0,West,3,6,1,moderate,medium,0,0,0,0,0,1,0,0,No_Error,0,95,1.5833333333333333,1-2h,3,6,0,1,Success,626,0,Synced,0,0,3,6,0,moderate,none,0,Savings,Mobile,B223,3,6,1,0,0,0
TXN0071444,1,0,0,0,2052,2,1,East,11,6,1,very_high,medium,0,0,0,0,0,0,0,0,No_Error,0,112,1.8666666666666667,1-2h,11,6,1,1,Success,559,0,Synced,0,0,11,6,1,moderate,none,0,Savings,Tablet,B329,3,6,3,1,1,0
TXN0036205,0,0,0,0,232,3,0,North,5,6,1,low,high,0,0,0,0,0,0,0,0,No_Error,0,179,2.9833333333333334,>2h,5,6,0,1,Success,620,0,Synced,0,0,5,6,0,moderate,none,0,Savings,Mobile,B466,3,6,1,0,0,0
TXN0061937,1,0,0,1,945,1,0,West,12,6,1,moderate,low,0,0,0,0,0,0,0,0,No_Error,0,113,1.8833333333333333,1-2h,12,6,0,1,Success,339,0,Synced,0,0,12,6,0,low,none,0,Current,Tablet,B529,3,6,1,1,0,0
TXN0023288,0,0,0,0,468,1,0,West,0,6,1,low,low,0,0,0,0,0,0,0,0,No_Error,0,18,0.3,15-30m,0,6,0,0,Success,436,0,Synced,0,0,0,6,0,low,none,0,Current,Mobile,B112,3,6,0,0,0,0
TXN0085427,1,0,0,0,2592,1,1,North,10,6,1,very_high,low,0,0,0,0,0,0,0,0,No_Error,0,60,1.0,30-60m,10,6,1,0,Success,625,0,Synced,0,0,10,6,1,moderate,none,0,Savings,Mobile,B106,3,6,2,1,1,0
TXN0022441,0,0,1,0,876,2,0,West,15,6,1,moderate,medium,0,0,0,0,0,0,0,0,No_Error,0,162,2.7,>2h,15,6,0,1,Failure,3124,3,Failed,1,0,15,6,0,very_high,high,3,Current,Tablet,B547,3,6,4,1,0,1
TXN0034824,0,1,0,0,368,1,0,North,17,6,1,low,low,0,1,0,0,0,0,0,1,KYC_ID,1,271,4.516666666666667,>2h,17,6,0,3,Success,561,0,Synced,0,0,17,6,0,moderate,none,0,Savings,Mobile,B125,3,6,3,1,0,0
TXN0060969,0,1,0,0,387,1,0,East,16,6,1,low,low,1,0,0,0,0,0,0,1,KYC_ID,1,113,1.8833333333333333,1-2h,16,6,0,3,Success,932,0,Synced,0,0,16,6,0,moderate,none,0,Current,Tablet,B412,3,6,3,1,0,0
TXN0087830,0,0,0,0,405,3,0,West,15,6,1,low,high,0,0,0,1,0,0,0,0,No_Error,0,157,2.6166666666666667,>2h,15,6,0,1,Success,938,0,Synced,0,0,15,6,0,moderate,none,0,Savings,Tablet,B379,3,6,1,0,0,0
TXN0000788,0,0,0,0,2561,2,1,North,11,6,1,very_high,medium,1,0,0,0,0,1,1,0,No_Error,0,50,0.8333333333333334,30-60m,11,6,1,0,Success,1111,0,Synced,0,0,11,6,1,high,none,1,Current,Mobile,B358,3,6,3,0,1,1
TXN0048923,0,1,0,0,355,1,0,North,3,6,1,low,low,0,0,0,0,0,0,0,1,KYC_ID,1,218,3.633333333333333,>2h,3,6,0,3,Success,328,0,Synced,0,0,3,6,0,low,none,0,Savings,Tablet,B254,3,6,3,1,0,0
TXN0007144,0,0,0,0,878,2,0,South,12,6,1,moderate,medium,0,0,0,0,0,0,0,0,No_Error,0,55,0.9166666666666666,30-60m,12,6,0,0,Success,301,0,Synced,0,0,12,6,0,low,none,0,Current,Mobile,B172,3,6,0,0,0,0
TXN0009237,0,1,0,0,752,1,0,North,7,6,1,moderate,low,0,0,1,0,0,0,0,1,Address,1,235,3.9166666666666665,>2h,7,6,0,3,Success,815,0,Synced,0,0,7,6,0,moderate,none,0,Current,Tablet,B318,3,6,3,1,0,0
TXN0094798,0,0,0,0,638,2,0,North,8,6,1,moderate,medium,0,1,0,0,0,0,0,0,No_Error,0,53,0.8833333333333333,30-60m,8,6,0,0,Success,874,0,Synced,0,0,8,6,0,moderate,none,0,Current,Mobile,B139,3,6,0,0,0,0
TXN0044796,1,1,0,0,2969,3,1,West,10,6,1,very_high,high,1,0,0,0,0,0,1,1,Address,0,212,3.533333333333333,>2h,10,6,1,2,Success,552,0,Synced,0,0,10,6,1,moderate,none,0,Current,Mobile,B355,3,6,4,2,1,0
TXN0060273,0,1,0,0,373,2,0,South,5,6,1,low,medium,0,0,0,0,0,0,0,1,KYC_ID,1,78,1.3,1-2h,5,6,0,3,Success,641,0,Synced,0,0,5,6,0,moderate,none,0,Savings,Mobile,B562,3,6,3,1,0,0
TXN0042143,0,0,0,1,952,3,0,South,12,6,1,moderate,high,0,1,0,0,0,0,0,0,No_Error,0,56,0.9333333333333332,30-60m,12,6,0,0,Success,608,0,Synced,0,0,12,6,0,moderate,none,0,Current,Mobile,B403,3,6,0,0,0,0
TXN0028171,0,0,0,0,235,1,0,North,1,6,1,low,low,0,0,0,0,0,0,0,0,No_Error,0,17,0.2833333333333333,15-30m,1,6,0,0,Success,876,0,Synced,0,0,1,6,0,moderate,none,0,Savings,Mobile,B431,3,6,0,0,0,0
TXN0049852,1,0,1,1,3314,1,1,South,10,6,1,very_high,low,1,1,0,0,0,1,1,0,No_Error,0,141,2.35,>2h,10,6,1,1,Failure,4891,3,Failed,1,0,10,6,1,very_high,high,3,Current,Mobile,B126,3,6,6,2,1,1
TXN0057515,0,0,0,0,1976,1,1,East,10,6,1,high,low,0,0,0,0,0,0,0,0,No_Error,0,92,1.5333333333333334,1-2h,10,6,1,1,Success,315,0,Synced,0,0,10,6,1,low,none,0,Current,Mobile,B527,3,6,3,0,1,0
TXN0048182,0,1,0,0,907,1,0,West,21,6,1,moderate,low,0,0,1,0,0,0,0,1,PAN,1,66,1.1,1-2h,21,6,0,3,Success,879,0,Synced,0,0,21,6,0,moderate,none,0,Savings,Tablet,B247,3,6,3,1,0,0
TXN0078732,0,1,0,0,667,1,0,West,22,6,1,moderate,low,0,0,0,0,0,0,0,1,Address,1,296,4.933333333333334,>2h,22,6,0,3,Success,1073,0,Synced,0,0,22,6,0,high,none,1,Savings,Tablet,B566,3,6,4,1,0,1
TXN0085210,0,1,0,0,923,1,0,West,4,6,1,moderate,low,0,0,1,0,0,0,0,1,DOB,1,100,1.6666666666666667,1-2h,4,6,0,3,Success,595,0,Synced,0,0,4,6,0,moderate,none,0,Savings,Mobile,B252,3,6,3,1,0,0
TXN0027537,0,0,0,0,1002,2,0,South,15,6,1,high,medium,0,0,0,0,0,0,1,0,No_Error,0,62,1.0333333333333334,1-2h,15,6,0,1,Success,338,0,Synced,0,0,15,6,0,low,none,0,Current,Mobile,B287,3,6,1,0,1,0
TXN0000585,0,1,0,0,1008,1,0,West,14,6,1,high,low,0,0,0,0,0,0,0,1,Address,0,70,1.1666666666666667,1-2h,14,6,0,2,Success,912,0,Synced,0,0,14,6,0,moderate,none,0,Current,Tablet,B571,3,6,2,1,1,0
TXN0037833,0,0,0,0,335,1,0,West,22,6,1,low,low,0,0,0,0,0,0,1,0,No_Error,0,63,1.05,1-2h,22,6,0,1,Success,313,0,Synced,0,0,22,6,0,low,none,0,Savings,Tablet,B254,3,6,1,0,0,0
TXN0091474,0,0,0,0,895,2,0,South,23,6,1,moderate,medium,0,0,1,0,0,0,0,0,No_Error,0,40,0.6666666666666666,30-60m,23,6,0,0,Success,467,0,Synced,0,0,23,6,0,low,none,0,Savings,Mobile,B261,3,6,0,0,0,0
TXN0071703,0,0,0,0,719,1,0,East,15,6,1,moderate,low,0,0,0,0,0,0,0,0,No_Error,0,72,1.2,1-2h,15,6,0,1,Success,417,0,Synced,0,0,15,6,0,low,none,0,Savings,Tablet,B148,3,6,1,0,0,0
TXN0015618,0,1,0,1,778,1,0,East,13,6,1,moderate,low,0,0,0,0,0,0,0,1,KYC_ID,0,124,2.066666666666667,>2h,13,6,0,2,Success,546,0,Synced,0,0,13,6,0,moderate,none,0,Current,Mobile,B304,3,6,2,1,0,0
TXN0081230,0,0,1,0,1004,1,0,East,15,6,1,high,low,0,0,0,0,0,0,0,0,No_Error,0,101,1.6833333333333331,1-2h,15,6,0,1,Failure,2454,1,Failed,1,1,15,6,0,very_high,low,4,Current,Tablet,B275,3,6,5,1,1,1
TXN0006809,0,1,0,0,1709,1,1,West,11,6,1,high,low,0,0,1,0,0,1,1,1,Address,0,75,1.25,1-2h,11,6,1,2,Success,1027,0,Synced,0,0,11,6,1,high,none,1,Current,Tablet,B578,3,6,5,1,1,1
TXN0012820,0,0,0,0,657,1,0,North,13,6,1,moderate,low,0,0,1,0,0,0,0,0,No_Error,0,49,0.8166666666666667,30-60m,13,6,0,0,Success,1020,0,Synced,0,0,13,6,0,high,none,1,Current,Mobile,B273,3,6,1,0,0,1
TXN0055170,0,1,0,0,381,1,0,South,21,6,1,low,low,0,0,1,0,0,0,0,1,PAN,1,221,3.683333333333333,>2h,21,6,0,3,Success,748,0,Synced,0,0,21,6,0,moderate,none,0,Current,Tablet,B132,3,6,3,1,0,0
TXN0084119,0,0,0,1,1152,1,0,North,7,6,1,high,low,1,0,0,0,1,0,0,0,No_Error,0,175,2.9166666666666665,>2h,7,6,0,1,Success,1174,0,Synced,0,0,7,6,0,high,none,1,Savings,Tablet,B252,3,6,2,0,1,1
TXN0026090,0,0,0,1,1110,3,0,East,20,6,1,high,high,0,0,0,0,0,0,0,0,No_Error,0,8,0.1333333333333333,<=15m,20,6,0,0,Success,568,0,Synced,0,0,20,6,0,moderate,none,0,Savings,Mobile,B521,3,6,0,0,1,0
TXN0083799,0,0,0,0,962,1,0,South,2,6,1,moderate,low,0,0,0,0,0,0,0,0,No_Error,0,44,0.7333333333333333,30-60m,2,6,0,0,Success,518,0,Synced,0,0,2,6,0,moderate,none,0,Savings,Tablet,B527,3,6,0,0,0,0
TXN0024096,0,1,0,0,463,1,0,East,3,6,1,low,low,0,0,0,0,0,0,0,1,PAN,1,166,2.7666666666666666,>2h,3,6,0,3,Success,903,0,Synced,0,0,3,6,0,moderate,none,0,Savings,Tablet,B524,3,6,3,1,0,0
TXN0053562,0,0,0,1,812,3,0,North,15,6,1,moderate,high,0,0,0,0,0,0,0,0,No_Error,0,64,1.0666666666666669,1-2h,15,6,0,1,Success,989,0,Synced,0,0,15,6,0,moderate,none,0,Current,Mobile,B236,3,6,1,0,0,0
TXN0089873,1,0,0,0,843,1,0,South,19,6,1,moderate,low,0,0,0,0,0,0,0,0,No_Error,0,28,0.4666666666666667,15-30m,19,6,0,0,Success,965,0,Synced,0,0,19,6,0,moderate,none,0,Savings,Mobile,B218,3,6,0,1,0,0
TXN0007794,0,0,0,0,1118,1,0,North,16,6,1,high,low,1,0,0,0,0,0,1,0,No_Error,0,130,2.1666666666666665,>2h,16,6,0,1,Success,795,0,Synced,0,0,16,6,0,moderate,none,0,Current,Mobile,B532,3,6,1,0,1,0
TXN0023781,0,0,0,0,1026,2,0,East,17,6,1,high,medium,0,1,0,0,0,0,0,0,No_Error,0,141,2.35,>2h,17,6,0,1,Success,1004,0,Synced,0,0,17,6,0,high,none,1,Savings,Mobile,B387,3,6,2,0,1,1
TXN0088925,0,0,0,0,1105,1,0,North,6,6,1,high,low,0,0,0,0,0,0,0,0,No_Error,0,155,2.583333333333333,>2h,6,6,0,1,Success,627,0,Synced,0,0,6,6,0,moderate,none,0,Savings,Mobile,B272,3,6,1,0,1,0
TXN0032017,0,1,0,0,948,1,0,North,20,6,1,moderate,low,0,0,0,0,0,0,0,1,Address,1,240,4.0,>2h,20,6,0,3,Success,786,0,Synced,0,0,20,6,0,moderate,none,0,Savings,Tablet,B293,3,6,3,1,0,0
TXN0013325,0,0,0,0,967,2,0,East,3,6,1,moderate,medium,1,0,0,0,0,0,0,0,No_Error,0,63,1.05,1-2h,3,6,0,1,Success,512,0,Synced,0,0,3,6,0,moderate,none,0,Current,Tablet,B372,3,6,1,0,0,0
TXN0033079,0,1,0,0,553,1,0,East,3,6,1,moderate,low,0,0,0,1,0,0,0,1,PAN,1,136,2.2666666666666666,>2h,3,6,0,3,Success,905,0,Synced,0,0,3,6,0,moderate,none,0,Savings,Mobile,B261,3,6,3,1,0,0
TXN0055825,1,0,0,0,3308,1,1,West,9,6,1,very_high,low,1,0,0,1,0,1,1,0,No_Error,0,144,2.4,>2h,9,6,1,1,Success,1001,0,Synced,0,0,9,6,1,high,none,1,Savings,Mobile,B387,3,6,4,1,1,1
TXN0069200,0,1,0,0,373,3,0,North,22,6,1,low,high,0,0,0,0,0,1,0,1,Address,0,271,4.516666666666667,>2h,22,6,0,2,Success,320,0,Synced,0,0,22,6,0,low,none,0,Current,Tablet,B436,3,6,2,1,0,0
TXN0020277,0,0,1,1,820,3,0,West,19,6,1,moderate,high,0,0,0,0,0,0,0,0,No_Error,0,50,0.8333333333333334,30-60m,19,6,0,0,Failure,2242,3,Failed,1,1,19,6,0,very_high,high,4,Savings,Tablet,B288,3,6,4,1,0,1
TXN0035736,0,0,0,0,230,1,0,North,8,6,1,low,low,1,0,0,0,0,0,0,0,No_Error,0,56,0.9333333333333332,30-60m,8,6,0,0,Success,963,0,Synced,0,0,8,6,0,moderate,none,0,Current,Tablet,B561,3,6,0,0,0,0
TXN0034466,0,0,0,0,617,2,0,South,8,6,1,moderate,medium,0,0,0,0,0,0,0,0,No_Error,0,142,2.3666666666666667,>2h,8,6,0,1,Success,743,0,Synced,0,0,8,6,0,moderate,none,0,Savings,Mobile,B578,3,6,1,0,0,0
TXN0038587,0,0,0,0,910,1,0,North,23,6,1,moderate,low,1,0,0,0,0,0,0,0,No_Error,0,132,2.2,>2h,23,6,0,1,Success,803,0,Synced,0,0,23,6,0,moderate,none,0,Savings,Tablet,B548,3,6,1,0,0,0
TXN0034697,0,0,0,0,365,1,0,West,21,6,1,low,low,0,0,0,0,0,0,0,0,No_Error,0,24,0.4,15-30m,21,6,0,0,Success,1017,0,Synced,0,0,21,6,0,high,none,1,Savings,Tablet,B565,3,6,1,0,0,1
TXN0031196,1,0,0,1,585,1,0,East,7,6,1,moderate,low,0,0,0,0,0,0,1,0,No_Error,0,67,1.1166666666666667,1-2h,7,6,0,1,Success,398,0,Synced,0,0,7,6,0,low,none,0,Savings,Mobile,B475,3,6,1,1,0,0
TXN0055004,1,0,0,0,1173,1,0,South,16,6,1,high,low,0,0,0,0,0,0,0,0,No_Error,0,80,1.3333333333333333,1-2h,16,6,0,1,Success,783,0,Synced,0,0,16,6,0,moderate,none,0,Current,Tablet,B421,3,6,1,1,1,0
TXN0037619,0,1,0,0,1003,1,0,North,17,6,1,high,low,0,0,0,0,0,0,0,1,KYC_ID,0,119,1.9833333333333332,1-2h,17,6,0,2,Success,1115,0,Synced,0,0,17,6,0,high,none,1,Savings,Tablet,B479,3,6,3,1,1,1
TXN0076501,1,0,0,1,3606,1,1,West,10,6,1,very_high,low,1,1,0,0,0,1,1,0,No_Error,0,48,0.8,30-60m,10,6,1,0,Success,1154,0,Synced,0,0,10,6,1,high,none,1,Current,Mobile,B259,3,6,3,1,1,1
TXN0093159,0,0,0,0,291,1,0,South,21,6,1,low,low,0,0,0,0,0,0,0,0,No_Error,0,69,1.15,1-2h,21,6,0,1,Success,732,0,Synced,0,0,21,6,0,moderate,none,0,Current,Tablet,B527,3,6,1,0,0,0
TXN0071305,0,0,0,0,1140,1,0,East,21,6,1,high,low,0,0,0,0,0,0,0,0,No_Error,0,22,0.3666666666666666,15-30m,21,6,0,0,Success,538,0,Synced,0,0,21,6,0,moderate,none,0,Savings,Tablet,B584,3,6,0,0,1,0
TXN0007395,0,0,0,1,720,1,0,East,2,6,1,moderate,low,0,0,0,0,0,0,0,0,No_Error,0,167,2.783333333333333,>2h,2,6,0,1,Success,1149,0,Synced,0,0,2,6,0,high,none,1,Current,Mobile,B426,3,6,2,0,0,1
TXN0042993,0,0,0,0,2995,1,1,South,11,6,1,very_high,low,0,0,0,0,0,0,0,0,No_Error,0,87,1.45,1-2h,11,6,1,1,Success,347,0,Synced,0,0,11,6,1,low,none,0,Current,Mobile,B510,3,6,3,0,1,0
TXN0047955,1,1,1,1,2708,1,1,East,11,6,1,very_high,low,0,0,0,0,0,1,1,1,Address,1,263,4.383333333333334,>2h,11,6,1,3,Failure,3235,2,Failed,1,1,11,6,1,very_high,medium,4,Savings,Tablet,B277,3,6,9,3,1,1
TXN0065813,0,0,0,0,1095,1,0,West,20,6,1,high,low,0,0,1,0,0,0,0,0,No_Error,0,21,0.35,15-30m,20,6,0,0,Success,596,0,Synced,0,0,20,6,0,moderate,none,0,Current,Tablet,B323,3,6,0,0,1,0
TXN0019534,0,0,0,0,2164,3,1,North,9,6,1,very_high,high,0,0,0,0,0,0,0,0,No_Error,0,169,2.816666666666667,>2h,9,6,1,1,Success,1170,0,Synced,0,0,9,6,1,high,none,1,Savings,Tablet,B398,3,6,4,0,1,1
TXN0004906,0,0,1,0,545,1,0,West,8,6,1,moderate,low,0,0,1,0,0,0,0,0,No_Error,0,174,2.9,>2h,8,6,0,1,Failure,4030,3,Failed,1,0,8,6,0,very_high,high,3,Savings,Mobile,B198,3,6,4,1,0,1
TXN0031862,1,0,0,1,3274,1,1,East,11,6,1,very_high,low,0,0,0,1,0,1,0,0,No_Error,0,158,2.6333333333333333,>2h,11,6,1,1,Success,1021,0,Synced,0,0,11,6,1,high,none,1,Current,Tablet,B388,3,6,4,1,1,1
TXN0087953,0,0,0,0,277,1,0,North,1,6,1,low,low,0,0,0,0,0,0,0,0,No_Error,0,174,2.9,>2h,1,6,0,1,Success,319,0,Synced,0,0,1,6,0,low,none,0,Savings,Mobile,B500,3,6,1,0,0,0
TXN0031451,1,0,0,1,3036,2,1,West,9,6,1,very_high,medium,1,1,0,1,0,0,1,0,No_Error,0,49,0.8166666666666667,30-60m,9,6,1,0,Success,762,0,Synced,0,0,9,6,1,moderate,none,0,Current,Tablet,B382,3,6,2,1,1,0
TXN0095024,0,0,0,0,1021,1,0,North,1,6,1,high,low,0,0,0,1,0,0,0,0,No_Error,0,85,1.4166666666666667,1-2h,1,6,0,1,Success,608,0,Synced,0,0,1,6,0,moderate,none,0,Savings,Tablet,B286,3,6,1,0,1,0
TXN0063290,0,1,0,0,1072,1,0,South,0,6,1,high,low,0,0,0,0,0,1,0,1,PAN,0,76,1.2666666666666666,1-2h,0,6,0,2,Success,367,0,Synced,0,0,0,6,0,low,none,0,Current,Mobile,B504,3,6,2,1,1,0
TXN0049595,0,0,0,0,967,1,0,South,18,6,1,moderate,low,0,0,0,0,0,0,0,0,No_Error,0,30,0.5,15-30m,18,6,0,0,Success,1176,0,Synced,0,0,18,6,0,high,none,1,Current,Mobile,B207,3,6,1,0,0,1
TXN0017877,1,0,0,0,3381,1,1,East,10,6,1,very_high,low,1,1,1,1,0,0,1,0,No_Error,0,134,2.2333333333333334,>2h,10,6,1,1,Success,744,0,Synced,0,0,10,6,1,moderate,none,0,Savings,Tablet,B340,3,6,3,1,1,0
TXN0078070,0,0,0,0,735,1,0,West,15,6,1,moderate,low,0,0,0,0,0,0,0,0,No_Error,0,112,1.8666666666666667,1-2h,15,6,0,1,Success,737,0,Synced,0,0,15,6,0,moderate,none,0,Current,Tablet,B342,3,6,1,0,0,0
TXN0062905,0,1,0,0,987,1,0,West,22,6,1,moderate,low,0,0,0,0,0,0,1,1,KYC_ID,0,176,2.933333333333333,>2h,22,6,0,2,Success,728,0,Synced,0,0,22,6,0,moderate,none,0,Savings,Mobile,B338,3,6,2,1,0,0
TXN0094982,1,0,0,0,1042,2,0,West,16,6,1,high,medium,0,1,1,0,0,1,0,0,No_Error,0,40,0.6666666666666666,30-60m,16,6,0,0,Success,615,0,Synced,0,0,16,6,0,moderate,none,0,Savings,Mobile,B283,3,6,0,1,1,0
TXN0054618,0,0,0,0,670,3,0,North,16,6,1,moderate,high,0,0,0,0,0,0,0,0,No_Error,0,66,1.1,1-2h,16,6,0,1,Success,926,0,Synced,0,0,16,6,0,moderate,none,0,Savings,Tablet,B503,3,6,1,0,0,0
TXN0019090,0,0,0,0,753,1,0,East,3,6,1,moderate,low,0,0,0,0,0,0,0,0,No_Error,0,72,1.2,1-2h,3,6,0,1,Success,336,0,Synced,0,0,3,6,0,low,none,0,Current,Tablet,B587,3,6,1,0,0,0
TXN0017606,0,1,0,1,2490,1,1,North,10,6,1,very_high,low,0,0,0,0,0,0,1,1,DOB,1,84,1.4,1-2h,10,6,1,3,Success,606,0,Synced,0,0,10,6,1,moderate,none,0,Savings,Mobile,B189,3,6,5,1,1,0
TXN0028112,0,0,1,1,344,1,0,South,20,6,1,low,low,0,1,0,0,0,0,0,0,No_Error,0,98,1.6333333333333333,1-2h,20,6,0,1,Failure,2783,1,Failed,1,1,20,6,0,very_high,low,4,Savings,Tablet,B465,3,6,5,1,0,1
TXN0020228,0,0,0,0,958,1,0,East,23,6,1,moderate,low,0,0,0,1,0,0,0,0,No_Error,0,164,2.7333333333333334,>2h,23,6,0,1,Success,412,0,Synced,0,0,23,6,0,low,none,0,Savings,Mobile,B521,3,6,1,0,0,0
TXN0068439,0,0,0,1,200,2,0,South,17,6,1,low,medium,0,1,0,0,0,0,0,0,No_Error,0,77,1.2833333333333334,1-2h,17,6,0,1,Success,561,0,Synced,0,0,17,6,0,moderate,none,0,Current,Mobile,B505,3,6,1,0,0,0
TXN0020055,1,1,0,0,218,1,0,South,20,6,1,low,low,0,0,0,0,0,0,1,1,KYC_ID,1,258,4.3,>2h,20,6,0,3,Success,564,0,Synced,0,0,20,6,0,moderate,none,0,Savings,Mobile,B352,3,6,3,2,0,0
TXN0079427,0,0,0,1,571,2,0,West,21,6,1,moderate,medium,0,1,0,0,0,0,0,0,No_Error,0,14,0.2333333333333333,<=15m,21,6,0,0,Success,1141,0,Synced,0,0,21,6,0,high,none,1,Current,Mobile,B495,3,6,1,0,0,1
TXN0069975,0,0,0,0,516,1,0,East,16,6,1,moderate,low,0,0,0,0,0,0,0,0,No_Error,0,58,0.9666666666666668,30-60m,16,6,0,0,Success,314,0,Synced,0,0,16,6,0,low,none,0,Savings,Tablet,B151,3,6,0,0,0,0
TXN0040365,0,0,0,1,1182,1,0,South,22,6,1,high,low,0,0,0,1,0,1,0,0,No_Error,0,43,0.7166666666666667,30-60m,22,6,0,0,Success,480,0,Synced,0,0,22,6,0,low,none,0,Savings,Mobile,B329,3,6,0,0,1,0
TXN0042716,1,0,0,0,3759,2,1,East,10,6,1,very_high,medium,0,1,0,0,0,0,1,0,No_Error,0,76,1.2666666666666666,1-2h,10,6,1,1,Success,449,0,Synced,0,0,10,6,1,low,none,0,Savings,Mobile,B474,3,6,3,1,1,0
TXN0093542,1,0,0,1,433,1,0,South,15,6,1,low,low,0,0,0,0,0,0,0,0,No_Error,0,48,0.8,30-60m,15,6,0,0,Success,1194,0,Synced,0,0,15,6,0,high,none,1,Savings,Tablet,B202,3,6,1,1,0,1
TXN0063270,0,0,0,0,427,1,0,East,6,6,1,low,low,1,0,0,0,0,0,0,0,No_Error,0,138,2.3,>2h,6,6,0,1,Success,907,0,Synced,0,0,6,6,0,moderate,none,0,Current,Mobile,B410,3,6,1,0,0,0
TXN0053230,0,0,0,0,880,1,0,East,4,6,1,moderate,low,0,0,0,0,0,0,0,0,No_Error,0,20,0.3333333333333333,15-30m,4,6,0,0,Success,741,0,Synced,0,0,4,6,0,moderate,none,0,Savings,Mobile,B405,3,6,0,0,0,0
TXN0086855,0,0,0,0,2378,2,1,North,11,6,1,very_high,medium,0,0,0,0,0,0,0,0,No_Error,0,139,2.316666666666667,>2h,11,6,1,1,Success,889,0,Synced,0,0,11,6,1,moderate,none,0,Savings,Tablet,B559,3,6,3,0,1,0
TXN0066845,1,0,0,1,1191,1,0,North,20,6,1,high,low,1,0,0,0,0,0,0,0,No_Error,0,105,1.75,1-2h,20,6,0,1,Success,654,0,Synced,0,0,20,6,0,moderate,none,0,Savings,Mobile,B286,3,6,1,1,1,0
TXN0011098,0,1,0,1,494,2,0,North,19,6,1,low,medium,0,0,0,0,0,0,0,1,Address,1,154,2.566666666666667,>2h,19,6,0,3,Success,774,0,Synced,0,0,19,6,0,moderate,none,0,Current,Mobile,B263,3,6,3,1,0,0
TXN0001413,0,1,0,0,1865,2,1,South,9,6,1,high,medium,1,0,0,0,0,0,0,1,Address,1,296,4.933333333333334,>2h,9,6,1,3,Success,821,0,Synced,0,0,9,6,1,moderate,none,0,Savings,Mobile,B592,3,6,5,1,1,0
TXN0096316,0,0,0,0,1549,1,1,East,9,6,1,high,low,1,0,0,0,0,0,0,0,No_Error,0,117,1.95,1-2h,9,6,1,1,Success,1038,0,Synced,0,0,9,6,1,high,none,1,Current,Mobile,B577,3,6,4,0,1,1
TXN0005073,0,1,0,0,208,1,0,East,6,6,1,low,low,0,0,0,0,0,0,0,1,KYC_ID,0,86,1.4333333333333331,1-2h,6,6,0,2,Success,763,0,Synced,0,0,6,6,0,moderate,none,0,Savings,Mobile,B186,3,6,2,1,0,0
TXN0063070,0,0,0,0,650,2,0,East,0,6,1,moderate,medium,0,0,0,0,0,0,0,0,No_Error,0,134,2.2333333333333334,>2h,0,6,0,1,Success,486,0,Synced,0,0,0,6,0,low,none,0,Current,Tablet,B457,3,6,1,0,0,0
TXN0094396,0,0,1,0,1176,1,0,East,3,6,1,high,low,0,1,0,1,0,0,0,0,No_Error,0,69,1.15,1-2h,3,6,0,1,Failure,3632,3,Failed,1,1,3,6,0,very_high,high,4,Current,Tablet,B414,3,6,5,1,1,1
TXN0015530,0,0,0,0,799,1,0,South,0,6,1,moderate,low,0,0,0,0,0,0,0,0,No_Error,0,129,2.15,>2h,0,6,0,1,Success,856,0,Synced,0,0,0,6,0,moderate,none,0,Current,Mobile,B449,3,6,1,0,0,0
TXN0021884,1,0,0,0,1185,2,0,North,0,6,1,high,medium,0,1,0,0,0,0,0,0,No_Error,0,31,0.5166666666666667,30-60m,0,6,0,0,Success,819,0,Synced,0,0,0,6,0,moderate,none,0,Savings,Tablet,B479,3,6,0,1,1,0
TXN0007545,0,0,1,1,531,1,0,North,1,6,1,moderate,low,0,0,0,0,0,0,1,0,No_Error,0,6,0.1,<=15m,1,6,0,0,Failure,3831,2,Failed,1,1,1,6,0,very_high,medium,4,Current,Tablet,B301,3,6,4,1,0,1
TXN0002180,0,1,0,0,394,1,0,North,14,6,1,low,low,0,0,0,0,0,0,0,1,KYC_ID,0,152,2.533333333333333,>2h,14,6,0,2,Success,441,0,Synced,0,0,14,6,0,low,none,0,Current,Tablet,B506,3,6,2,1,0,0
TXN0071025,0,0,0,0,853,1,0,North,22,6,1,moderate,low,0,0,0,0,0,0,0,0,No_Error,0,74,1.2333333333333334,1-2h,22,6,0,1,Success,387,0,Synced,0,0,22,6,0,low,none,0,Current,Tablet,B360,3,6,1,0,0,0
TXN0055116,0,0,0,0,643,2,0,West,3,6,1,moderate,medium,0,0,0,1,0,0,0,0,No_Error,0,45,0.75,30-60m,3,6,0,0,Success,325,0,Synced,0,0,3,6,0,low,none,0,Savings,Mobile,B418,3,6,0,0,0,0
TXN0011134,0,1,0,1,539,2,0,West,8,6,1,moderate,medium,0,1,1,0,0,0,0,1,Address,0,292,4.866666666666666,>2h,8,6,0,2,Success,708,0,Synced,0,0,8,6,0,moderate,none,0,Current,Mobile,B151,3,6,2,1,0,0
TXN0089374,0,1,0,0,1014,1,0,West,20,6,1,high,low,0,0,0,0,0,0,0,1,Address,1,274,4.566666666666666,>2h,20,6,0,3,Success,1114,0,Synced,0,0,20,6,0,high,none,1,Current,Mobile,B527,3,6,4,1,1,1
TXN0013099,1,0,0,1,825,3,0,North,18,6,1,moderate,high,1,1,0,0,0,0,0,0,No_Error,0,69,1.15,1-2h,18,6,0,1,Success,827,0,Synced,0,0,18,6,0,moderate,none,0,Savings,Tablet,B242,3,6,1,1,0,0
TXN0031487,0,0,0,0,768,1,0,East,14,6,1,moderate,low,0,0,0,0,0,0,0,0,No_Error,0,69,1.15,1-2h,14,6,0,1,Success,729,0,Synced,0,0,14,6,0,moderate,none,0,Current,Tablet,B481,3,6,1,0,0,0
TXN0032048,1,0,0,1,2650,1,1,West,9,6,1,very_high,low,0,1,0,0,0,0,0,0,No_Error,0,52,0.8666666666666667,30-60m,9,6,1,0,Success,923,0,Synced,0,0,9,6,1,moderate,none,0,Savings,Mobile,B530,3,6,2,1,1,0
TXN0053087,0,0,0,0,1544,3,1,West,11,6,1,high,high,0,1,0,0,0,0,1,0,No_Error,0,178,2.966666666666667,>2h,11,6,1,1,Success,944,0,Synced,0,0,11,6,1,moderate,none,0,Current,Mobile,B268,3,6,3,0,1,0
TXN0001879,0,0,0,0,975,2,0,South,6,6,1,moderate,medium,0,1,0,0,0,0,1,0,No_Error,0,116,1.9333333333333331,1-2h,6,6,0,1,Success,465,0,Synced,0,0,6,6,0,low,none,0,Savings,Mobile,B173,3,6,1,0,0,0
TXN0049680,0,1,0,0,977,1,0,South,18,6,1,moderate,low,0,0,0,0,0,0,1,1,KYC_ID,1,221,3.683333333333333,>2h,18,6,0,3,Success,900,0,Synced,0,0,18,6,0,moderate,none,0,Savings,Tablet,B151,3,6,3,1,0,0
TXN0077030,1,0,0,0,1064,3,0,West,8,6,1,high,high,0,0,0,0,0,0,0,0,No_Error,0,79,1.3166666666666669,1-2h,8,6,0,1,Success,929,0,Synced,0,0,8,6,0,moderate,none,0,Savings,Mobile,B538,3,6,1,1,1,0
TXN0050664,0,0,0,0,3371,1,1,South,9,6,1,very_high,low,0,1,0,0,0,0,0,0,No_Error,0,123,2.05,>2h,9,6,1,1,Success,575,0,Synced,0,0,9,6,1,moderate,none,0,Current,Tablet,B405,3,6,3,0,1,0
TXN0031082,1,0,0,0,2525,1,1,West,11,6,1,very_high,low,1,1,0,0,0,0,0,0,No_Error,0,14,0.2333333333333333,<=15m,11,6,1,0,Success,588,0,Synced,0,0,11,6,1,moderate,none,0,Savings,Tablet,B597,3,6,2,1,1,0
TXN0001165,0,0,0,0,759,1,0,North,17,6,1,moderate,low,0,0,1,0,0,0,0,0,No_Error,0,6,0.1,<=15m,17,6,0,0,Success,349,0,Synced,0,0,17,6,0,low,none,0,Savings,Tablet,B519,3,6,0,0,0,0
TXN0020088,0,0,1,0,919,1,0,East,14,6,1,moderate,low,0,1,0,0,0,1,0,0,No_Error,0,8,0.1333333333333333,<=15m,14,6,0,0,Failure,4938,2,Failed,1,0,14,6,0,very_high,medium,3,Current,Mobile,B432,3,6,3,1,0,1
TXN0002514,0,0,0,0,523,1,0,West,2,6,1,moderate,low,0,0,0,0,0,0,0,0,No_Error,0,159,2.65,>2h,2,6,0,1,Success,1130,0,Synced,0,0,2,6,0,high,none,1,Current,Mobile,B351,3,6,2,0,0,1
TXN0050079,0,0,0,1,206,2,0,East,0,6,1,low,medium,0,0,0,0,0,0,0,0,No_Error,0,139,2.316666666666667,>2h,0,6,0,1,Success,1074,0,Synced,0,0,0,6,0,high,none,1,Savings,Tablet,B278,3,6,2,0,0,1
TXN0097560,0,0,0,0,383,1,0,South,6,6,1,low,low,0,0,0,0,0,0,0,0,No_Error,0,176,2.933333333333333,>2h,6,6,0,1,Success,1022,0,Synced,0,0,6,6,0,high,none,1,Savings,Tablet,B385,3,6,2,0,0,1
TXN0070840,1,0,0,0,428,1,0,East,18,6,1,low,low,0,0,0,0,0,0,0,0,No_Error,0,10,0.1666666666666666,<=15m,18,6,0,0,Success,794,0,Synced,0,0,18,6,0,moderate,none,0,Savings,Mobile,B387,3,6,0,1,0,0
TXN0049478,1,0,0,1,3499,1,1,West,11,6,1,very_high,low,0,1,0,0,0,1,1,0,No_Error,0,106,1.7666666666666666,1-2h,11,6,1,1,Success,847,0,Synced,0,0,11,6,1,moderate,none,0,Current,Tablet,B252,3,6,3,1,1,0
TXN0090718,1,0,0,1,3633,1,1,East,9,6,1,very_high,low,1,0,1,1,0,1,1,0,No_Error,0,153,2.55,>2h,9,6,1,1,Success,746,0,Synced,0,0,9,6,1,moderate,none,0,Current,Tablet,B495,3,6,3,1,1,0
TXN0009408,1,0,0,1,3183,2,1,West,11,6,1,very_high,medium,1,1,1,0,0,0,1,0,No_Error,0,20,0.3333333333333333,15-30m,11,6,1,0,Success,341,0,Synced,0,0,11,6,1,low,none,0,Savings,Tablet,B584,3,6,2,1,1,0
TXN0063292,0,0,0,0,751,1,0,West,13,6,1,moderate,low,0,0,0,0,0,0,0,0,No_Error,0,65,1.0833333333333333,1-2h,13,6,0,1,Success,590,0,Synced,0,0,13,6,0,moderate,none,0,Current,Mobile,B126,3,6,1,0,0,0
TXN0097792,0,0,0,0,834,1,0,West,18,6,1,moderate,low,0,0,1,0,0,0,0,0,No_Error,0,53,0.8833333333333333,30-60m,18,6,0,0,Success,432,0,Synced,0,0,18,6,0,low,none,0,Current,Tablet,B327,3,6,0,0,0,0
TXN0028110,0,0,0,0,421,1,0,East,8,6,1,low,low,0,0,0,0,0,0,0,0,No_Error,0,34,0.5666666666666667,30-60m,8,6,0,0,Success,481,0,Synced,0,0,8,6,0,low,none,0,Savings,Mobile,B191,3,6,0,0,0,0
TXN0082064,0,0,0,1,262,2,0,South,6,6,1,low,medium,0,0,0,0,0,0,0,0,No_Error,0,29,0.4833333333333333,15-30m,6,6,0,0,Success,1011,0,Synced,0,0,6,6,0,high,none,1,Savings,Tablet,B571,3,6,1,0,0,1
TXN0074388,0,0,0,0,521,1,0,South,21,6,1,moderate,low,0,0,0,0,0,0,0,0,No_Error,0,141,2.35,>2h,21,6,0,1,Success,959,0,Synced,0,0,21,6,0,moderate,none,0,Current,Tablet,B197,3,6,1,0,0,0
TXN0037653,0,0,0,0,229,1,0,East,3,6,1,low,low,0,0,0,0,0,0,0,0,No_Error,0,164,2.7333333333333334,>2h,3,6,0,1,Success,451,0,Synced,0,0,3,6,0,low,none,0,Savings,Mobile,B213,3,6,1,0,0,0
TXN0090122,0,0,0,0,2847,1,1,East,10,6,1,very_high,low,1,0,0,0,0,1,1,0,No_Error,0,50,0.8333333333333334,30-60m,10,6,1,0,Success,1103,0,Synced,0,0,10,6,1,high,none,1,Savings,Mobile,B570,3,6,3,0,1,1
TXN0078552,0,0,0,0,1009,1,0,North,2,6,1,high,low,0,0,0,0,0,1,0,0,No_Error,0,30,0.5,15-30m,2,6,0,0,Success,335,0,Synced,0,0,2,6,0,low,none,0,Savings,Tablet,B155,3,6,0,0,1,0
TXN0065098,1,0,0,0,1008,1,0,South,7,6,1,high,low,0,0,0,0,0,0,0,0,No_Error,0,43,0.7166666666666667,30-60m,7,6,0,0,Success,809,0,Synced,0,0,7,6,0,moderate,none,0,Current,Mobile,B427,3,6,0,1,1,0
TXN0090642,0,0,0,0,286,1,0,West,7,6,1,low,low,0,0,0,0,0,0,0,0,No_Error,0,142,2.3666666666666667,>2h,7,6,0,1,Success,498,0,Synced,0,0,7,6,0,low,none,0,Current,Tablet,B244,3,6,1,0,0,0
TXN0004624,1,0,0,0,1071,1,0,West,3,6,1,high,low,0,0,0,0,0,1,1,0,No_Error,0,141,2.35,>2h,3,6,0,1,Success,926,0,Synced,0,0,3,6,0,moderate,none,0,Savings,Tablet,B503,3,6,1,1,1,0
TXN0073826,0,0,0,0,1138,1,0,North,7,6,1,high,low,0,0,1,0,0,0,0,0,No_Error,0,59,0.9833333333333332,30-60m,7,6,0,0,Success,1075,0,Synced,0,0,7,6,0,high,none,1,Current,Tablet,B469,3,6,1,0,1,1
TXN0013915,0,0,0,0,973,1,0,West,17,6,1,moderate,low,0,0,0,0,0,0,1,0,No_Error,0,156,2.6,>2h,17,6,0,1,Success,857,0,Synced,0,0,17,6,0,moderate,none,0,Savings,Tablet,B503,3,6,1,0,0,0
TXN0061668,0,0,0,1,994,1,0,West,21,6,1,moderate,low,0,0,0,0,0,0,0,0,No_Error,0,139,2.316666666666667,>2h,21,6,0,1,Success,924,0,Synced,0,0,21,6,0,moderate,none,0,Savings,Tablet,B496,3,6,1,0,0,0
TXN0000270,0,1,0,1,504,2,0,West,0,6,1,moderate,medium,0,0,0,0,0,0,0,1,Address,1,224,3.733333333333333,>2h,0,6,0,3,Success,1079,0,Synced,0,0,0,6,0,high,none,1,Savings,Tablet,B265,3,6,4,1,0,1
TXN0059721,0,0,0,0,401,1,0,North,5,6,1,low,low,0,0,0,1,0,0,0,0,No_Error,0,7,0.1166666666666666,<=15m,5,6,0,0,Success,1100,0,Synced,0,0,5,6,0,high,none,1,Savings,Mobile,B306,3,6,1,0,0,1
TXN0029284,0,0,0,0,1000,1,0,West,4,6,1,moderate,low,0,0,0,0,0,0,0,0,No_Error,0,56,0.9333333333333332,30-60m,4,6,0,0,Success,463,0,Synced,0,0,4,6,0,low,none,0,Savings,Mobile,B523,3,6,0,0,0,0
TXN0045410,0,0,0,0,595,1,0,North,17,6,1,moderate,low,0,0,0,0,0,0,0,0,No_Error,0,45,0.75,30-60m,17,6,0,0,Success,716,0,Synced,0,0,17,6,0,moderate,none,0,Current,Tablet,B499,3,6,0,0,0,0
TXN0030635,0,0,0,0,2217,1,1,South,11,6,1,very_high,low,0,0,0,0,1,0,0,0,No_Error,0,100,1.6666666666666667,1-2h,11,6,1,1,Success,1074,0,Synced,0,0,11,6,1,high,none,1,Savings,Tablet,B592,3,6,4,0,1,1
TXN0056205,0,0,0,0,200,2,0,South,21,6,1,low,medium,0,1,0,0,0,0,0,0,No_Error,0,7,0.1166666666666666,<=15m,21,6,0,0,Success,737,0,Synced,0,0,21,6,0,moderate,none,0,Current,Mobile,B177,3,6,0,0,0,0
TXN0047086,0,0,0,0,1141,2,0,East,1,6,1,high,medium,0,0,0,1,0,0,0,0,No_Error,0,126,2.1,>2h,1,6,0,1,Success,929,0,Synced,0,0,1,6,0,moderate,none,0,Current,Tablet,B413,3,6,1,0,1,0
TXN0062007,0,0,0,0,746,1,0,West,20,6,1,moderate,low,0,1,0,0,0,0,0,0,No_Error,0,27,0.45,15-30m,20,6,0,0,Success,507,0,Synced,0,0,20,6,0,moderate,none,0,Current,Tablet,B146,3,6,0,0,0,0
TXN0095198,0,1,1,1,994,1,0,West,23,6,1,moderate,low,0,0,0,0,0,0,0,1,Address,0,205,3.4166666666666665,>2h,23,6,0,2,Failure,3529,2,Failed,1,0,23,6,0,very_high,medium,3,Savings,Tablet,B361,3,6,5,2,0,1
TXN0008130,0,0,0,0,887,1,0,South,5,6,1,moderate,low,0,0,0,0,0,1,1,0,No_Error,0,62,1.0333333333333334,1-2h,5,6,0,1,Success,997,0,Synced,0,0,5,6,0,moderate,none,0,Current,Mobile,B379,3,6,1,0,0,0
TXN0006313,0,1,0,0,581,1,0,South,8,6,1,moderate,low,0,1,0,0,0,0,0,1,DOB,1,177,2.95,>2h,8,6,0,3,Success,582,0,Synced,0,0,8,6,0,moderate,none,0,Savings,Tablet,B559,3,6,3,1,0,0
TXN0010592,0,0,0,0,423,1,0,South,1,6,1,low,low,0,0,0,0,0,0,0,0,No_Error,0,129,2.15,>2h,1,6,0,1,Success,1108,0,Synced,0,0,1,6,0,high,none,1,Current,Tablet,B111,3,6,2,0,0,1
TXN0042050,0,0,0,0,1104,1,0,West,20,6,1,high,low,0,1,0,0,0,0,0,0,No_Error,0,164,2.7333333333333334,>2h,20,6,0,1,Success,1034,0,Synced,0,0,20,6,0,high,none,1,Current,Mobile,B429,3,6,2,0,1,1
TXN0060505,0,0,0,0,673,1,0,West,6,6,1,moderate,low,0,0,0,0,0,0,0,0,No_Error,0,83,1.3833333333333333,1-2h,6,6,0,1,Success,1141,0,Synced,0,0,6,6,0,high,none,1,Current,Tablet,B187,3,6,2,0,0,1
TXN0069456,1,0,0,0,590,2,0,East,5,6,1,moderate,medium,0,0,0,0,0,0,0,0,No_Error,0,100,1.6666666666666667,1-2h,5,6,0,1,Success,830,0,Synced,0,0,5,6,0,moderate,none,0,Current,Mobile,B484,3,6,1,1,0,0
TXN0081265,0,0,0,0,939,2,0,South,23,6,1,moderate,medium,0,0,0,0,0,0,0,0,No_Error,0,129,2.15,>2h,23,6,0,1,Success,641,0,Synced,0,0,23,6,0,moderate,none,0,Savings,Tablet,B126,3,6,1,0,0,0
TXN0064207,0,0,0,0,657,1,0,South,0,6,1,moderate,low,0,0,0,0,0,0,0,0,No_Error,0,60,1.0,30-60m,0,6,0,0,Success,1077,0,Synced,0,0,0,6,0,high,none,1,Current,Mobile,B146,3,6,1,0,0,1
TXN0032566,0,0,0,0,760,1,0,East,22,6,1,moderate,low,0,0,0,0,0,0,0,0,No_Error,0,175,2.9166666666666665,>2h,22,6,0,1,Success,1023,0,Synced,0,0,22,6,0,high,none,1,Savings,Tablet,B278,3,6,2,0,0,1
TXN0025869,0,0,0,0,342,2,0,North,1,6,1,low,medium,0,0,1,0,0,0,0,0,No_Error,0,6,0.1,<=15m,1,6,0,0,Success,308,0,Synced,0,0,1,6,0,low,none,0,Savings,Tablet,B228,3,6,0,0,0,0
TXN0027303,0,0,0,0,1077,1,0,South,22,6,1,high,low,1,0,0,0,0,0,0,0,No_Error,0,94,1.5666666666666669,1-2h,22,6,0,1,Success,917,0,Synced,0,0,22,6,0,moderate,none,0,Savings,Mobile,B573,3,6,1,0,1,0
TXN0000690,0,0,0,0,209,1,0,West,14,6,1,low,low,0,0,1,0,0,0,0,0,No_Error,0,33,0.55,30-60m,14,6,0,0,Success,1113,0,Synced,0,0,14,6,0,high,none,1,Savings,Tablet,B338,3,6,1,0,0,1
TXN0007968,0,0,0,0,701,1,0,North,4,6,1,moderate,low,1,0,0,0,0,0,1,0,No_Error,0,44,0.7333333333333333,30-60m,4,6,0,0,Success,1165,0,Synced,0,0,4,6,0,high,none,1,Current,Mobile,B562,3,6,1,0,0,1
TXN0071706,0,1,0,1,566,1,0,West,2,6,1,moderate,low,0,0,0,0,1,0,0,1,PAN,0,262,4.366666666666666,>2h,2,6,0,2,Success,833,0,Synced,0,0,2,6,0,moderate,none,0,Current,Tablet,B170,3,6,2,1,0,0
TXN0023346,0,0,0,0,229,1,0,East,16,6,1,low,low,0,0,0,0,1,0,0,0,No_Error,0,155,2.583333333333333,>2h,16,6,0,1,Success,798,0,Synced,0,0,16,6,0,moderate,none,0,Current,Tablet,B587,3,6,1,0,0,0
TXN0086039,0,1,0,0,593,1,0,North,17,6,1,moderate,low,0,0,0,1,0,0,0,1,DOB,1,290,4.833333333333333,>2h,17,6,0,3,Success,501,0,Synced,0,0,17,6,0,moderate,none,0,Savings,Mobile,B527,3,6,3,1,0,0
TXN0037385,0,0,1,1,1029,1,0,North,16,6,1,high,low,1,0,0,0,0,0,0,0,No_Error,0,127,2.1166666666666667,>2h,16,6,0,1,Failure,4706,2,Failed,1,0,16,6,0,very_high,medium,3,Savings,Mobile,B378,3,6,4,1,1,1
TXN0057763,0,0,0,0,1141,1,0,South,8,6,1,high,low,0,0,1,0,0,0,0,0,No_Error,0,27,0.45,15-30m,8,6,0,0,Success,337,0,Synced,0,0,8,6,0,low,none,0,Savings,Tablet,B289,3,6,0,0,1,0
TXN0061107,0,0,0,1,600,1,0,South,0,6,1,moderate,low,0,0,0,0,0,0,0,0,No_Error,0,158,2.6333333333333333,>2h,0,6,0,1,Success,329,0,Synced,0,0,0,6,0,low,none,0,Savings,Mobile,B456,3,6,1,0,0,0
TXN0025417,0,0,0,0,822,3,0,East,6,6,1,moderate,high,0,0,0,0,0,0,0,0,No_Error,0,72,1.2,1-2h,6,6,0,1,Success,1060,0,Synced,0,0,6,6,0,high,none,1,Current,Mobile,B218,3,6,2,0,0,1
TXN0006459,0,1,0,1,321,1,0,West,2,6,1,low,low,0,0,0,0,0,0,0,1,DOB,1,220,3.6666666666666665,>2h,2,6,0,3,Success,1022,0,Synced,0,0,2,6,0,high,none,1,Savings,Mobile,B144,3,6,4,1,0,1
TXN0026816,0,0,0,0,1048,1,0,North,23,6,1,high,low,0,0,1,0,0,0,1,0,No_Error,0,81,1.35,1-2h,23,6,0,1,Success,589,0,Synced,0,0,23,6,0,moderate,none,0,Savings,Mobile,B117,3,6,1,0,1,0
TXN0011838,0,0,0,0,1020,1,0,North,5,6,1,high,low,0,0,1,0,0,0,0,0,No_Error,0,69,1.15,1-2h,5,6,0,1,Success,380,0,Synced,0,0,5,6,0,low,none,0,Current,Tablet,B594,3,6,1,0,1,0
TXN0087181,0,0,0,0,755,1,0,East,19,6,1,moderate,low,0,0,0,0,0,0,0,0,No_Error,0,178,2.966666666666667,>2h,19,6,0,1,Success,1176,0,Synced,0,0,19,6,0,high,none,1,Savings,Tablet,B585,3,6,2,0,0,1
TXN0053078,0,0,0,1,487,1,0,North,13,6,1,low,low,0,0,0,0,0,0,0,0,No_Error,0,125,2.083333333333333,>2h,13,6,0,1,Success,629,0,Synced,0,0,13,6,0,moderate,none,0,Savings,Mobile,B197,3,6,1,0,0,0
TXN0077401,0,0,0,0,1779,1,1,East,10,6,1,high,low,1,0,0,0,0,0,0,0,No_Error,0,86,1.4333333333333331,1-2h,10,6,1,1,Success,417,0,Synced,0,0,10,6,1,low,none,0,Savings,Tablet,B271,3,6,3,0,1,0
TXN0006323,0,0,0,0,698,1,0,East,8,6,1,moderate,low,0,1,0,0,0,0,0,0,No_Error,0,176,2.933333333333333,>2h,8,6,0,1,Success,1079,0,Synced,0,0,8,6,0,high,none,1,Savings,Tablet,B269,3,6,2,0,0,1
TXN0014982,0,1,0,0,1146,2,0,East,14,6,1,high,medium,0,0,0,0,1,1,0,1,PAN,1,131,2.183333333333333,>2h,14,6,0,3,Success,481,0,Synced,0,0,14,6,0,low,none,0,Savings,Mobile,B543,3,6,3,1,1,0
TXN0098405,0,0,0,0,736,1,0,North,22,6,1,moderate,low,0,0,0,0,0,0,0,0,No_Error,0,100,1.6666666666666667,1-2h,22,6,0,1,Success,991,0,Synced,0,0,22,6,0,moderate,none,0,Current,Tablet,B337,3,6,1,0,0,0
TXN0035095,1,0,0,1,724,1,0,East,16,6,1,moderate,low,0,0,0,1,0,0,1,0,No_Error,0,101,1.6833333333333331,1-2h,16,6,0,1,Success,408,0,Synced,0,0,16,6,0,low,none,0,Current,Mobile,B507,3,6,1,1,0,0
TXN0003200,0,0,0,0,719,1,0,South,2,6,1,moderate,low,0,0,0,0,1,0,0,0,No_Error,0,114,1.9,1-2h,2,6,0,1,Success,384,0,Synced,0,0,2,6,0,low,none,0,Current,Tablet,B277,3,6,1,0,0,0
TXN0038479,1,0,0,0,987,3,0,West,6,6,1,moderate,high,0,0,0,1,0,1,0,0,No_Error,0,109,1.8166666666666669,1-2h,6,6,0,1,Success,512,0,Synced,0,0,6,6,0,moderate,none,0,Savings,Mobile,B393,3,6,1,1,0,0
TXN0049893,0,0,0,0,810,1,0,South,20,6,1,moderate,low,0,0,0,0,0,0,0,0,No_Error,0,10,0.1666666666666666,<=15m,20,6,0,0,Success,519,0,Synced,0,0,20,6,0,moderate,none,0,Savings,Mobile,B209,3,6,0,0,0,0
TXN0005428,0,0,0,0,512,1,0,East,5,6,1,moderate,low,0,0,0,0,0,0,0,0,No_Error,0,121,2.0166666666666666,>2h,5,6,0,1,Success,707,0,Synced,0,0,5,6,0,moderate,none,0,Savings,Tablet,B133,3,6,1,0,0,0
TXN0091492,1,0,0,0,3700,1,1,East,11,6,1,very_high,low,0,0,0,1,0,0,1,0,No_Error,0,52,0.8666666666666667,30-60m,11,6,1,0,Success,512,0,Synced,0,0,11,6,1,moderate,none,0,Current,Mobile,B407,3,6,2,1,1,0
TXN0022130,0,0,0,0,499,1,0,East,16,6,1,low,low,0,0,0,0,0,0,0,0,No_Error,0,16,0.2666666666666666,15-30m,16,6,0,0,Success,1081,0,Synced,0,0,16,6,0,high,none,1,Savings,Mobile,B591,3,6,1,0,0,1
TXN0028218,0,0,0,0,1580,1,1,North,10,6,1,high,low,1,0,0,0,1,0,0,0,No_Error,0,176,2.933333333333333,>2h,10,6,1,1,Success,731,0,Synced,0,0,10,6,1,moderate,none,0,Savings,Mobile,B115,3,6,3,0,1,0
TXN0041720,0,0,0,0,543,1,0,North,21,6,1,moderate,low,0,0,0,0,0,0,0,0,No_Error,0,70,1.1666666666666667,1-2h,21,6,0,1,Success,920,0,Synced,0,0,21,6,0,moderate,none,0,Savings,Mobile,B328,3,6,1,0,0,0
TXN0067046,0,0,0,0,1076,1,0,South,15,6,1,high,low,0,0,0,0,0,0,0,0,No_Error,0,84,1.4,1-2h,15,6,0,1,Success,379,0,Synced,0,0,15,6,0,low,none,0,Savings,Tablet,B172,3,6,1,0,1,0
TXN0072038,0,0,0,0,885,1,0,West,16,6,1,moderate,low,0,0,0,0,0,0,0,0,No_Error,0,149,2.4833333333333334,>2h,16,6,0,1,Success,729,0,Synced,0,0,16,6,0,moderate,none,0,Savings,Mobile,B484,3,6,1,0,0,0
TXN0089965,0,0,0,0,1134,1,0,West,15,6,1,high,low,0,0,0,0,0,0,0,0,No_Error,0,90,1.5,1-2h,15,6,0,1,Success,1091,0,Synced,0,0,15,6,0,high,none,1,Savings,Tablet,B434,3,6,2,0,1,1
TXN0036383,0,1,0,0,519,1,0,East,7,6,1,moderate,low,0,0,0,0,0,0,0,1,KYC_ID,0,219,3.65,>2h,7,6,0,2,Success,1078,0,Synced,0,0,7,6,0,high,none,1,Savings,Tablet,B431,3,6,3,1,0,1
TXN0021361,1,0,0,0,642,1,0,West,14,6,1,moderate,low,0,0,1,0,0,1,1,0,No_Error,0,46,0.7666666666666667,30-60m,14,6,0,0,Success,872,0,Synced,0,0,14,6,0,moderate,none,0,Savings,Tablet,B562,3,6,0,1,0,0
TXN0024141,0,0,0,0,749,1,0,North,20,6,1,moderate,low,1,0,0,0,0,0,0,0,No_Error,0,19,0.3166666666666666,15-30m,20,6,0,0,Success,1051,0,Synced,0,0,20,6,0,high,none,1,Savings,Tablet,B388,3,6,1,0,0,1
TXN0088466,0,1,0,0,475,1,0,West,19,6,1,low,low,0,1,0,0,0,0,0,1,Address,1,279,4.65,>2h,19,6,0,3,Success,1163,0,Synced,0,0,19,6,0,high,none,1,Savings,Mobile,B202,3,6,4,1,0,1
TXN0039700,0,0,0,0,303,2,0,South,17,6,1,low,medium,1,0,1,0,0,0,0,0,No_Error,0,67,1.1166666666666667,1-2h,17,6,0,1,Success,473,0,Synced,0,0,17,6,0,low,none,0,Savings,Mobile,B270,3,6,1,0,0,0
TXN0095337,0,0,1,1,1790,1,1,East,9,6,1,high,low,0,0,0,0,0,1,0,0,No_Error,0,94,1.5666666666666669,1-2h,9,6,1,1,Failure,4206,2,Failed,1,1,9,6,1,very_high,medium,4,Current,Tablet,B119,3,6,7,1,1,1
TXN0000575,1,0,0,0,3761,1,1,West,11,6,1,very_high,low,1,1,0,0,0,0,1,0,No_Error,0,12,0.2,<=15m,11,6,1,0,Success,873,0,Synced,0,0,11,6,1,moderate,none,0,Current,Mobile,B226,3,6,2,1,1,0
TXN0072443,0,1,0,0,477,1,0,North,14,6,1,low,low,0,0,0,0,0,0,0,1,KYC_ID,1,98,1.6333333333333333,1-2h,14,6,0,3,Success,330,0,Synced,0,0,14,6,0,low,none,0,Current,Mobile,B366,3,6,3,1,0,0
TXN0050405,0,0,0,0,226,2,0,West,17,6,1,low,medium,0,0,0,0,0,0,0,0,No_Error,0,34,0.5666666666666667,30-60m,17,6,0,0,Success,1199,0,Synced,0,0,17,6,0,high,none,1,Savings,Tablet,B473,3,6,1,0,0,1
TXN0071481,0,0,0,0,241,1,0,South,21,6,1,low,low,0,0,0,0,0,0,0,0,No_Error,0,135,2.25,>2h,21,6,0,1,Success,441,0,Synced,0,0,21,6,0,low,none,0,Savings,Tablet,B380,3,6,1,0,0,0
TXN0005567,1,0,0,0,2441,1,1,West,9,6,1,very_high,low,1,1,0,0,0,0,1,0,No_Error,0,84,1.4,1-2h,9,6,1,1,Success,419,0,Synced,0,0,9,6,1,low,none,0,Savings,Tablet,B360,3,6,3,1,1,0
TXN0055930,0,0,1,0,792,3,0,West,0,6,1,moderate,high,0,0,0,0,0,0,0,0,No_Error,0,135,2.25,>2h,0,6,0,1,Failure,4438,1,Failed,1,0,0,6,0,very_high,low,3,Savings,Mobile,B326,3,6,4,1,0,1
TXN0076779,0,0,0,0,290,1,0,North,6,6,1,low,low,0,0,0,0,0,0,0,0,No_Error,0,127,2.1166666666666667,>2h,6,6,0,1,Success,724,0,Synced,0,0,6,6,0,moderate,none,0,Savings,Tablet,B488,3,6,1,0,0,0
TXN0027363,0,0,0,1,341,2,0,North,17,6,1,low,medium,0,0,1,0,0,0,0,0,No_Error,0,123,2.05,>2h,17,6,0,1,Success,890,0,Synced,0,0,17,6,0,moderate,none,0,Current,Mobile,B450,3,6,1,0,0,0
TXN0080878,0,1,0,0,731,1,0,North,22,6,1,moderate,low,0,0,1,0,0,0,0,1,DOB,1,276,4.6,>2h,22,6,0,3,Success,695,0,Synced,0,0,22,6,0,moderate,none,0,Current,Tablet,B300,3,6,3,1,0,0
TXN0073517,0,0,0,1,1864,1,1,South,11,6,1,high,low,0,0,1,0,0,0,1,0,No_Error,0,7,0.1166666666666666,<=15m,11,6,1,0,Success,809,0,Synced,0,0,11,6,1,moderate,none,0,Current,Tablet,B481,3,6,2,0,1,0
TXN0047164,0,0,0,0,491,1,0,West,18,6,1,low,low,0,0,0,0,0,0,0,0,No_Error,0,178,2.966666666666667,>2h,18,6,0,1,Success,752,0,Synced,0,0,18,6,0,moderate,none,0,Savings,Tablet,B433,3,6,1,0,0,0
TXN0069275,0,0,0,0,858,1,0,West,19,6,1,moderate,low,0,0,0,0,0,0,0,0,No_Error,0,89,1.4833333333333334,1-2h,19,6,0,1,Success,574,0,Synced,0,0,19,6,0,moderate,none,0,Current,Mobile,B223,3,6,1,0,0,0
TXN0085260,0,0,0,0,357,1,0,East,20,6,1,low,low,0,0,0,0,0,0,0,0,No_Error,0,62,1.0333333333333334,1-2h,20,6,0,1,Success,594,0,Synced,0,0,20,6,0,moderate,none,0,Current,Mobile,B467,3,6,1,0,0,0
TXN0031639,0,0,0,1,1174,2,0,South,18,6,1,high,medium,0,0,0,1,0,0,0,0,No_Error,0,177,2.95,>2h,18,6,0,1,Success,367,0,Synced,0,0,18,6,0,low,none,0,Current,Tablet,B359,3,6,1,0,1,0
TXN0039302,0,0,0,0,482,3,0,West,16,6,1,low,high,0,0,0,0,0,0,0,0,No_Error,0,165,2.75,>2h,16,6,0,1,Success,442,0,Synced,0,0,16,6,0,low,none,0,Current,Tablet,B593,3,6,1,0,0,0
TXN0078920,0,0,0,1,2386,1,1,East,11,6,1,very_high,low,1,1,0,0,0,0,0,0,No_Error,0,13,0.2166666666666666,<=15m,11,6,1,0,Success,761,0,Synced,0,0,11,6,1,moderate,none,0,Savings,Tablet,B469,3,6,2,0,1,0
TXN0001349,0,0,0,0,301,1,0,West,19,6,1,low,low,0,0,0,0,0,0,0,0,No_Error,0,100,1.6666666666666667,1-2h,19,6,0,1,Success,667,0,Synced,0,0,19,6,0,moderate,none,0,Savings,Mobile,B157,3,6,1,0,0,0
TXN0004941,1,0,0,0,869,1,0,West,1,6,1,moderate,low,0,0,0,0,1,0,0,0,No_Error,0,80,1.3333333333333333,1-2h,1,6,0,1,Success,1178,0,Synced,0,0,1,6,0,high,none,1,Savings,Mobile,B131,3,6,2,1,0,1
TXN0024098,0,0,0,0,222,1,0,South,21,6,1,low,low,1,0,0,0,0,0,0,0,No_Error,0,155,2.583333333333333,>2h,21,6,0,1,Success,857,0,Synced,0,0,21,6,0,moderate,none,0,Current,Mobile,B484,3,6,1,0,0,0
TXN0036319,0,0,0,0,953,1,0,West,2,6,1,moderate,low,0,0,0,0,0,0,0,0,No_Error,0,64,1.0666666666666669,1-2h,2,6,0,1,Success,473,0,Synced,0,0,2,6,0,low,none,0,Savings,Tablet,B389,3,6,1,0,0,0
TXN0047549,0,0,0,0,860,1,0,West,4,6,1,moderate,low,0,0,0,0,0,0,0,0,No_Error,0,158,2.6333333333333333,>2h,4,6,0,1,Success,1141,0,Synced,0,0,4,6,0,high,none,1,Current,Mobile,B202,3,6,2,0,0,1
TXN0079616,0,0,0,0,453,1,0,West,19,6,1,low,low,0,0,1,0,0,0,0,0,No_Error,0,33,0.55,30-60m,19,6,0,0,Success,1156,0,Synced,0,0,19,6,0,high,none,1,Current,Mobile,B487,3,6,1,0,0,1
TXN0028312,0,0,1,0,381,1,0,West,6,6,1,low,low,0,0,0,0,0,0,0,0,No_Error,0,110,1.8333333333333333,1-2h,6,6,0,1,Failure,4078,2,Failed,1,0,6,6,0,very_high,medium,3,Savings,Tablet,B281,3,6,4,1,0,1
TXN0008569,1,1,0,0,414,2,0,South,15,6,1,low,medium,0,0,0,0,0,0,0,1,KYC_ID,1,194,3.2333333333333334,>2h,15,6,0,3,Success,594,0,Synced,0,0,15,6,0,moderate,none,0,Savings,Mobile,B494,3,6,3,2,0,0
TXN0038351,0,1,0,0,1045,1,0,East,20,6,1,high,low,0,0,0,0,0,0,0,1,DOB,1,283,4.716666666666667,>2h,20,6,0,3,Success,494,0,Synced,0,0,20,6,0,low,none,0,Current,Tablet,B170,3,6,3,1,1,0
TXN0095515,0,0,1,0,1150,1,0,South,3,6,1,high,low,0,0,0,0,0,0,0,0,No_Error,0,76,1.2666666666666666,1-2h,3,6,0,1,Failure,3756,1,Failed,1,1,3,6,0,very_high,low,4,Savings,Tablet,B537,3,6,5,1,1,1
TXN0057863,0,0,0,0,806,2,0,West,4,6,1,moderate,medium,0,0,0,0,0,0,0,0,No_Error,0,141,2.35,>2h,4,6,0,1,Success,958,0,Synced,0,0,4,6,0,moderate,none,0,Savings,Tablet,B435,3,6,1,0,0,0
TXN0031420,0,0,0,0,627,1,0,East,21,6,1,moderate,low,0,0,0,0,0,0,0,0,No_Error,0,64,1.0666666666666669,1-2h,21,6,0,1,Success,725,0,Synced,0,0,21,6,0,moderate,none,0,Savings,Tablet,B320,3,6,1,0,0,0
TXN0085903,0,0,0,0,851,1,0,North,19,6,1,moderate,low,0,0,1,0,0,0,0,0,No_Error,0,145,2.4166666666666665,>2h,19,6,0,1,Success,966,0,Synced,0,0,19,6,0,moderate,none,0,Current,Tablet,B292,3,6,1,0,0,0
TXN0081156,0,0,0,0,1109,1,0,South,19,6,1,high,low,0,0,0,0,0,0,0,0,No_Error,0,119,1.9833333333333332,1-2h,19,6,0,1,Success,1127,0,Synced,0,0,19,6,0,high,none,1,Current,Tablet,B573,3,6,2,0,1,1
TXN0077890,0,0,0,0,315,2,0,East,12,6,1,low,medium,0,0,0,0,0,0,0,0,No_Error,0,29,0.4833333333333333,15-30m,12,6,0,0,Success,968,0,Synced,0,0,12,6,0,moderate,none,0,Current,Tablet,B153,3,6,0,0,0,0
TXN0089074,0,0,0,0,559,1,0,South,7,6,1,moderate,low,0,0,0,0,0,0,1,0,No_Error,0,116,1.9333333333333331,1-2h,7,6,0,1,Success,347,0,Synced,0,0,7,6,0,low,none,0,Savings,Tablet,B481,3,6,1,0,0,0
TXN0074493,1,1,0,0,3119,1,1,East,10,6,1,very_high,low,1,1,0,0,0,1,1,1,PAN,0,276,4.6,>2h,10,6,1,2,Success,818,0,Synced,0,0,10,6,1,moderate,none,0,Savings,Mobile,B415,3,6,4,2,1,0
TXN0016644,0,0,0,1,1073,1,0,East,8,6,1,high,low,1,0,0,0,0,0,0,0,No_Error,0,150,2.5,>2h,8,6,0,1,Success,453,0,Synced,0,0,8,6,0,low,none,0,Savings,Tablet,B445,3,6,1,0,1,0
TXN0001718,0,0,1,1,1132,2,0,North,18,6,1,high,medium,1,0,0,0,0,0,0,0,No_Error,0,55,0.9166666666666666,30-60m,18,6,0,0,Failure,3321,1,Failed,1,1,18,6,0,very_high,low,4,Savings,Mobile,B334,3,6,4,1,1,1
TXN0004878,0,1,1,1,791,1,0,North,2,6,1,moderate,low,0,1,0,0,0,0,0,1,KYC_ID,1,145,2.4166666666666665,>2h,2,6,0,3,Failure,2745,1,Failed,1,1,2,6,0,very_high,low,4,Savings,Mobile,B135,3,6,7,2,0,1
TXN0046420,0,0,0,0,863,2,0,South,19,6,1,moderate,medium,0,0,0,0,0,0,0,0,No_Error,0,103,1.7166666666666666,1-2h,19,6,0,1,Success,1165,0,Synced,0,0,19,6,0,high,none,1,Savings,Mobile,B261,3,6,2,0,0,1
TXN0057413,0,0,0,0,1029,2,0,East,1,6,1,high,medium,0,0,0,0,0,0,1,0,No_Error,0,84,1.4,1-2h,1,6,0,1,Success,418,0,Synced,0,0,1,6,0,low,none,0,Savings,Tablet,B454,3,6,1,0,1,0
TXN0048209,0,0,0,0,369,1,0,East,3,6,1,low,low,0,0,0,0,0,0,0,0,No_Error,0,83,1.3833333333333333,1-2h,3,6,0,1,Success,1191,0,Synced,0,0,3,6,0,high,none,1,Savings,Mobile,B314,3,6,2,0,0,1
TXN0078684,0,1,0,1,861,2,0,West,17,6,1,moderate,medium,0,0,0,0,0,0,0,1,PAN,0,140,2.333333333333333,>2h,17,6,0,2,Success,1159,0,Synced,0,0,17,6,0,high,none,1,Savings,Mobile,B446,3,6,3,1,0,1
TXN0076283,0,0,0,0,234,1,0,East,7,6,1,low,low,0,0,0,1,0,0,0,0,No_Error,0,64,1.0666666666666669,1-2h,7,6,0,1,Success,833,0,Synced,0,0,7,6,0,moderate,none,0,Savings,Mobile,B571,3,6,1,0,0,0
TXN0009683,0,0,0,0,757,1,0,North,12,6,1,moderate,low,0,0,0,0,0,0,0,0,No_Error,0,169,2.816666666666667,>2h,12,6,0,1,Success,442,0,Synced,0,0,12,6,0,low,none,0,Savings,Tablet,B120,3,6,1,0,0,0
TXN0028574,0,1,0,0,969,1,0,West,18,6,1,moderate,low,0,0,0,0,0,0,0,1,DOB,0,280,4.666666666666667,>2h,18,6,0,2,Success,432,0,Synced,0,0,18,6,0,low,none,0,Current,Mobile,B321,3,6,2,1,0,0
TXN0017719,0,0,1,0,461,1,0,South,15,6,1,low,low,0,0,0,0,0,0,0,0,No_Error,0,71,1.1833333333333331,1-2h,15,6,0,1,Failure,2246,1,Failed,1,1,15,6,0,very_high,low,4,Current,Tablet,B166,3,6,5,1,0,1
TXN0083966,0,0,0,0,1004,1,0,South,2,6,1,high,low,0,0,0,0,0,0,0,0,No_Error,0,88,1.4666666666666666,1-2h,2,6,0,1,Success,309,0,Synced,0,0,2,6,0,low,none,0,Current,Mobile,B155,3,6,1,0,1,0
TXN0010331,0,1,0,1,1185,1,0,South,18,6,1,high,low,0,0,1,0,0,0,1,1,KYC_ID,0,285,4.75,>2h,18,6,0,2,Success,1139,0,Synced,0,0,18,6,0,high,none,1,Savings,Tablet,B301,3,6,3,1,1,1
TXN0007200,0,0,0,0,790,1,0,East,7,6,1,moderate,low,1,0,1,0,0,0,0,0,No_Error,0,172,2.8666666666666667,>2h,7,6,0,1,Success,482,0,Synced,0,0,7,6,0,low,none,0,Savings,Mobile,B122,3,6,1,0,0,0
TXN0023476,0,0,0,0,382,1,0,South,1,6,1,low,low,0,0,0,0,0,0,0,0,No_Error,0,76,1.2666666666666666,1-2h,1,6,0,1,Success,1188,0,Synced,0,0,1,6,0,high,none,1,Current,Mobile,B181,3,6,2,0,0,1
TXN0095171,0,1,0,0,490,2,0,West,20,6,1,low,medium,0,0,0,0,0,0,0,1,Address,1,229,3.816666666666667,>2h,20,6,0,3,Success,1084,0,Synced,0,0,20,6,0,high,none,1,Savings,Tablet,B319,3,6,4,1,0,1
TXN0037378,0,1,0,0,639,1,0,West,18,6,1,moderate,low,0,0,0,0,0,0,0,1,KYC_ID,1,160,2.6666666666666665,>2h,18,6,0,3,Success,603,0,Synced,0,0,18,6,0,moderate,none,0,Current,Tablet,B598,3,6,3,1,0,0
TXN0032528,0,0,0,1,2888,1,1,South,11,6,1,very_high,low,1,1,1,0,0,1,0,0,No_Error,0,131,2.183333333333333,>2h,11,6,1,1,Success,603,0,Synced,0,0,11,6,1,moderate,none,0,Savings,Mobile,B123,3,6,3,0,1,0
TXN0095782,0,0,0,0,708,1,0,West,7,6,1,moderate,low,0,0,0,1,0,0,0,0,No_Error,0,96,1.6,1-2h,7,6,0,1,Success,1083,0,Synced,0,0,7,6,0,high,none,1,Savings,Tablet,B425,3,6,2,0,0,1
TXN0028771,0,0,0,0,377,1,0,East,14,6,1,low,low,0,0,0,0,0,0,0,0,No_Error,0,16,0.2666666666666666,15-30m,14,6,0,0,Success,1182,0,Synced,0,0,14,6,0,high,none,1,Savings,Mobile,B243,3,6,1,0,0,1
TXN0070266,0,1,0,1,516,2,0,North,23,6,1,moderate,medium,0,0,0,0,0,0,0,1,Address,1,74,1.2333333333333334,1-2h,23,6,0,3,Success,618,0,Synced,0,0,23,6,0,moderate,none,0,Current,Mobile,B476,3,6,3,1,0,0
TXN0073264,0,0,0,0,569,2,0,West,8,6,1,moderate,medium,0,0,0,0,0,0,0,0,No_Error,0,86,1.4333333333333331,1-2h,8,6,0,1,Success,999,0,Synced,0,0,8,6,0,moderate,none,0,Current,Mobile,B413,3,6,1,0,0,0
TXN0068441,1,1,0,0,3138,1,1,South,11,6,1,very_high,low,0,0,0,1,0,0,1,1,PAN,0,211,3.5166666666666666,>2h,11,6,1,2,Success,465,0,Synced,0,0,11,6,1,low,none,0,Savings,Mobile,B263,3,6,4,2,1,0
TXN0086325,0,0,0,0,200,2,0,South,17,6,1,low,medium,0,0,0,0,0,0,0,0,No_Error,0,29,0.4833333333333333,15-30m,17,6,0,0,Success,814,0,Synced,0,0,17,6,0,moderate,none,0,Current,Tablet,B555,3,6,0,0,0,0
TXN0076127,0,0,0,0,772,1,0,East,4,6,1,moderate,low,0,0,0,0,0,0,0,0,No_Error,0,30,0.5,15-30m,4,6,0,0,Success,982,0,Synced,0,0,4,6,0,moderate,none,0,Savings,Mobile,B545,3,6,0,0,0,0
TXN0097872,0,0,0,0,443,1,0,East,4,6,1,low,low,0,0,0,0,0,0,0,0,No_Error,0,81,1.35,1-2h,4,6,0,1,Success,1126,0,Synced,0,0,4,6,0,high,none,1,Current,Tablet,B532,3,6,2,0,0,1
TXN0078806,1,1,0,1,2539,1,1,North,11,6,1,very_high,low,1,0,1,0,1,1,0,1,PAN,1,272,4.533333333333333,>2h,11,6,1,3,Success,370,0,Synced,0,0,11,6,1,low,none,0,Savings,Mobile,B318,3,6,5,2,1,0
TXN0032345,0,0,0,0,1094,2,0,West,13,6,1,high,medium,0,0,0,1,0,0,0,0,No_Error,0,161,2.683333333333333,>2h,13,6,0,1,Success,681,0,Synced,0,0,13,6,0,moderate,none,0,Savings,Tablet,B443,3,6,1,0,1,0
TXN0010484,1,0,0,0,3190,1,1,South,11,6,1,very_high,low,1,0,1,1,0,1,0,0,No_Error,0,81,1.35,1-2h,11,6,1,1,Success,1063,0,Synced,0,0,11,6,1,high,none,1,Savings,Mobile,B301,3,6,4,1,1,1
TXN0012492,0,0,0,0,815,1,0,North,22,6,1,moderate,low,0,0,0,0,0,0,0,0,No_Error,0,64,1.0666666666666669,1-2h,22,6,0,1,Success,584,0,Synced,0,0,22,6,0,moderate,none,0,Savings,Tablet,B574,3,6,1,0,0,0
TXN0061904,0,1,0,0,1089,3,0,West,17,6,1,high,high,0,0,0,0,0,0,0,1,DOB,1,279,4.65,>2h,17,6,0,3,Success,703,0,Synced,0,0,17,6,0,moderate,none,0,Savings,Mobile,B192,3,6,3,1,1,0
TXN0057503,0,0,0,0,451,1,0,North,7,6,1,low,low,0,0,0,0,0,0,0,0,No_Error,0,134,2.2333333333333334,>2h,7,6,0,1,Success,674,0,Synced,0,0,7,6,0,moderate,none,0,Current,Mobile,B593,3,6,1,0,0,0
TXN0081022,0,0,0,0,416,1,0,East,8,6,1,low,low,0,0,0,1,0,0,0,0,No_Error,0,32,0.5333333333333333,30-60m,8,6,0,0,Success,1062,0,Synced,0,0,8,6,0,high,none,1,Savings,Tablet,B343,3,6,1,0,0,1
TXN0011287,0,0,0,0,823,1,0,South,16,6,1,moderate,low,1,1,1,0,0,0,0,0,No_Error,0,116,1.9333333333333331,1-2h,16,6,0,1,Success,1155,0,Synced,0,0,16,6,0,high,none,1,Savings,Tablet,B524,3,6,2,0,0,1
TXN0081192,0,0,0,0,486,1,0,West,13,6,1,low,low,0,0,0,0,0,0,0,0,No_Error,0,109,1.8166666666666669,1-2h,13,6,0,1,Success,627,0,Synced,0,0,13,6,0,moderate,none,0,Savings,Mobile,B112,3,6,1,0,0,0
TXN0015715,0,0,0,1,988,1,0,West,0,6,1,moderate,low,1,0,0,0,0,0,1,0,No_Error,0,71,1.1833333333333331,1-2h,0,6,0,1,Success,785,0,Synced,0,0,0,6,0,moderate,none,0,Current,Mobile,B109,3,6,1,0,0,0
TXN0057212,0,0,0,0,1087,1,0,East,16,6,1,high,low,1,0,0,0,0,0,0,0,No_Error,0,165,2.75,>2h,16,6,0,1,Success,369,0,Synced,0,0,16,6,0,low,none,0,Savings,Mobile,B557,3,6,1,0,1,0
TXN0021866,0,0,0,0,453,1,0,South,4,6,1,low,low,0,1,0,0,1,0,0,0,No_Error,0,143,2.3833333333333333,>2h,4,6,0,1,Success,1067,0,Synced,0,0,4,6,0,high,none,1,Savings,Mobile,B557,3,6,2,0,0,1
TXN0086024,0,1,0,0,201,3,0,North,17,6,1,low,high,0,0,1,0,0,0,0,1,PAN,0,214,3.566666666666667,>2h,17,6,0,2,Success,856,0,Synced,0,0,17,6,0,moderate,none,0,Savings,Mobile,B578,3,6,2,1,0,0
TXN0072194,0,0,0,0,763,2,0,East,6,6,1,moderate,medium,0,0,0,0,0,0,1,0,No_Error,0,16,0.2666666666666666,15-30m,6,6,0,0,Success,535,0,Synced,0,0,6,6,0,moderate,none,0,Savings,Mobile,B389,3,6,0,0,0,0
TXN0055376,0,0,0,0,271,2,0,North,5,6,1,low,medium,1,0,0,0,0,0,0,0,No_Error,0,164,2.7333333333333334,>2h,5,6,0,1,Success,534,0,Synced,0,0,5,6,0,moderate,none,0,Savings,Tablet,B423,3,6,1,0,0,0
TXN0052397,0,0,0,0,949,1,0,East,14,6,1,moderate,low,0,0,0,0,0,1,0,0,No_Error,0,168,2.8,>2h,14,6,0,1,Success,882,0,Synced,0,0,14,6,0,moderate,none,0,Savings,Tablet,B573,3,6,1,0,0,0
TXN0067406,0,0,0,0,654,1,0,West,2,6,1,moderate,low,0,0,0,0,0,0,0,0,No_Error,0,108,1.8,1-2h,2,6,0,1,Success,814,0,Synced,0,0,2,6,0,moderate,none,0,Savings,Mobile,B128,3,6,1,0,0,0
TXN0091896,0,0,0,0,412,1,0,South,22,6,1,low,low,0,0,0,0,0,0,0,0,No_Error,0,17,0.2833333333333333,15-30m,22,6,0,0,Success,423,0,Synced,0,0,22,6,0,low,none,0,Current,Tablet,B581,3,6,0,0,0,0
TXN0084074,0,1,0,0,783,1,0,West,20,6,1,moderate,low,0,1,0,0,0,0,0,1,DOB,1,68,1.1333333333333333,1-2h,20,6,0,3,Success,500,0,Synced,0,0,20,6,0,low,none,0,Current,Mobile,B220,3,6,3,1,0,0
TXN0062183,0,0,0,0,868,2,0,East,1,6,1,moderate,medium,0,0,0,0,0,0,0,0,No_Error,0,6,0.1,<=15m,1,6,0,0,Success,606,0,Synced,0,0,1,6,0,moderate,none,0,Current,Mobile,B471,3,6,0,0,0,0
TXN0026147,0,1,0,0,694,3,0,West,0,6,1,moderate,high,0,0,0,0,0,0,1,1,Address,0,65,1.0833333333333333,1-2h,0,6,0,2,Success,1087,0,Synced,0,0,0,6,0,high,none,1,Current,Tablet,B530,3,6,3,1,0,1
TXN0008600,0,0,0,0,533,1,0,West,18,6,1,moderate,low,0,0,0,0,0,0,0,0,No_Error,0,102,1.7,1-2h,18,6,0,1,Success,371,0,Synced,0,0,18,6,0,low,none,0,Savings,Tablet,B321,3,6,1,0,0,0
TXN0018168,0,0,0,0,690,1,0,South,7,6,1,moderate,low,0,1,0,1,0,0,0,0,No_Error,0,175,2.9166666666666665,>2h,7,6,0,1,Success,625,0,Synced,0,0,7,6,0,moderate,none,0,Savings,Mobile,B493,3,6,1,0,0,0
TXN0009991,0,0,0,1,1108,2,0,West,8,6,1,high,medium,0,0,0,0,0,0,1,0,No_Error,0,51,0.85,30-60m,8,6,0,0,Success,761,0,Synced,0,0,8,6,0,moderate,none,0,Current,Tablet,B476,3,6,0,0,1,0
TXN0010443,0,0,0,0,928,1,0,West,4,6,1,moderate,low,0,0,0,0,0,0,0,0,No_Error,0,123,2.05,>2h,4,6,0,1,Success,559,0,Synced,0,0,4,6,0,moderate,none,0,Savings,Tablet,B141,3,6,1,0,0,0
TXN0039654,1,0,0,0,762,1,0,West,7,6,1,moderate,low,1,0,0,0,0,0,0,0,No_Error,0,122,2.033333333333333,>2h,7,6,0,1,Success,364,0,Synced,0,0,7,6,0,low,none,0,Savings,Tablet,B342,3,6,1,1,0,0
TXN0094017,0,0,0,0,786,1,0,South,13,6,1,moderate,low,0,0,0,0,0,0,0,0,No_Error,0,65,1.0833333333333333,1-2h,13,6,0,1,Success,336,0,Synced,0,0,13,6,0,low,none,0,Savings,Mobile,B134,3,6,1,0,0,0
TXN0005019,1,0,0,0,373,1,0,South,3,6,1,low,low,0,0,0,0,0,0,0,0,No_Error,0,156,2.6,>2h,3,6,0,1,Success,1049,0,Synced,0,0,3,6,0,high,none,1,Savings,Tablet,B155,3,6,2,1,0,1
TXN0029727,0,1,0,0,929,1,0,North,12,6,1,moderate,low,0,0,0,0,0,0,1,1,KYC_ID,1,263,4.383333333333334,>2h,12,6,0,3,Success,610,0,Synced,0,0,12,6,0,moderate,none,0,Current,Mobile,B128,3,6,3,1,0,0
TXN0064181,0,0,0,0,975,1,0,West,16,6,1,moderate,low,0,0,0,0,0,0,0,0,No_Error,0,87,1.45,1-2h,16,6,0,1,Success,863,0,Synced,0,0,16,6,0,moderate,none,0,Current,Mobile,B316,3,6,1,0,0,0
TXN0028221,0,1,0,0,437,1,0,East,20,6,1,low,low,0,0,0,0,0,0,0,1,KYC_ID,1,237,3.95,>2h,20,6,0,3,Success,420,0,Synced,0,0,20,6,0,low,none,0,Current,Mobile,B285,3,6,3,1,0,0
TXN0089220,0,0,0,0,3624,1,1,West,11,6,1,very_high,low,0,1,1,0,0,0,1,0,No_Error,0,42,0.7,30-60m,11,6,1,0,Success,681,0,Synced,0,0,11,6,1,moderate,none,0,Savings,Mobile,B519,3,6,2,0,1,0
TXN0071254,0,1,0,0,596,1,0,East,12,6,1,moderate,low,0,0,0,0,0,0,0,1,Address,0,96,1.6,1-2h,12,6,0,2,Success,645,0,Synced,0,0,12,6,0,moderate,none,0,Current,Tablet,B594,3,6,2,1,0,0
TXN0002687,0,0,0,0,441,1,0,West,20,6,1,low,low,0,0,0,0,0,0,0,0,No_Error,0,13,0.2166666666666666,<=15m,20,6,0,0,Success,602,0,Synced,0,0,20,6,0,moderate,none,0,Current,Tablet,B501,3,6,0,0,0,0
TXN0091654,0,1,0,1,954,1,0,South,8,6,1,moderate,low,1,0,0,0,0,0,0,1,DOB,1,111,1.85,1-2h,8,6,0,3,Success,570,0,Synced,0,0,8,6,0,moderate,none,0,Current,Mobile,B285,3,6,3,1,0,0
TXN0035425,1,0,0,0,745,2,0,East,20,6,1,moderate,medium,0,0,0,0,0,1,0,0,No_Error,0,82,1.3666666666666667,1-2h,20,6,0,1,Success,661,0,Synced,0,0,20,6,0,moderate,none,0,Current,Mobile,B220,3,6,1,1,0,0
TXN0017136,0,1,0,0,840,1,0,South,2,6,1,moderate,low,0,0,0,0,0,0,0,1,DOB,0,165,2.75,>2h,2,6,0,2,Success,652,0,Synced,0,0,2,6,0,moderate,none,0,Current,Mobile,B439,3,6,2,1,0,0
TXN0021678,0,0,0,0,963,1,0,North,15,6,1,moderate,low,0,0,0,0,0,0,0,0,No_Error,0,35,0.5833333333333334,30-60m,15,6,0,0,Success,1065,0,Synced,0,0,15,6,0,high,none,1,Current,Mobile,B479,3,6,1,0,0,1
TXN0050943,0,0,0,0,427,1,0,West,7,6,1,low,low,0,0,0,0,0,0,0,0,No_Error,0,52,0.8666666666666667,30-60m,7,6,0,0,Success,927,0,Synced,0,0,7,6,0,moderate,none,0,Current,Tablet,B362,3,6,0,0,0,0
TXN0014131,0,0,0,1,3202,1,1,South,9,6,1,very_high,low,1,0,0,0,0,1,1,0,No_Error,0,83,1.3833333333333333,1-2h,9,6,1,1,Success,1183,0,Synced,0,0,9,6,1,high,none,1,Current,Tablet,B565,3,6,4,0,1,1
TXN0024665,0,0,0,0,514,3,0,South,14,6,1,moderate,high,0,0,0,0,0,0,0,0,No_Error,0,71,1.1833333333333331,1-2h,14,6,0,1,Success,458,0,Synced,0,0,14,6,0,low,none,0,Savings,Mobile,B593,3,6,1,0,0,0
TXN0016409,0,0,0,1,432,3,0,South,14,6,1,low,high,0,0,0,0,0,0,0,0,No_Error,0,123,2.05,>2h,14,6,0,1,Success,811,0,Synced,0,0,14,6,0,moderate,none,0,Savings,Tablet,B107,3,6,1,0,0,0
TXN0053229,0,0,1,0,329,1,0,West,6,6,1,low,low,0,0,0,0,0,0,0,0,No_Error,0,55,0.9166666666666666,30-60m,6,6,0,0,Failure,4671,3,Failed,1,0,6,6,0,very_high,high,3,Current,Mobile,B179,3,6,3,1,0,1
TXN0014502,1,1,0,1,1196,1,0,West,12,6,1,high,low,1,0,0,0,1,0,0,1,KYC_ID,1,114,1.9,1-2h,12,6,0,3,Success,322,0,Synced,0,0,12,6,0,low,none,0,Current,Tablet,B505,3,6,3,2,1,0
TXN0006664,0,0,0,0,882,1,0,South,19,6,1,moderate,low,1,0,0,0,0,0,1,0,No_Error,0,159,2.65,>2h,19,6,0,1,Success,1052,0,Synced,0,0,19,6,0,high,none,1,Savings,Mobile,B230,3,6,2,0,0,1
TXN0077460,0,0,0,0,769,1,0,North,13,6,1,moderate,low,1,0,0,0,0,0,0,0,No_Error,0,149,2.4833333333333334,>2h,13,6,0,1,Success,405,0,Synced,0,0,13,6,0,low,none,0,Current,Mobile,B119,3,6,1,0,0,0
TXN0014984,0,0,0,0,678,2,0,North,1,6,1,moderate,medium,0,0,0,0,0,0,0,0,No_Error,0,40,0.6666666666666666,30-60m,1,6,0,0,Success,703,0,Synced,0,0,1,6,0,moderate,none,0,Current,Mobile,B472,3,6,0,0,0,0
TXN0033198,0,0,0,0,968,3,0,East,0,6,1,moderate,high,0,0,0,0,0,0,0,0,No_Error,0,152,2.533333333333333,>2h,0,6,0,1,Success,570,0,Synced,0,0,0,6,0,moderate,none,0,Savings,Tablet,B295,3,6,1,0,0,0
TXN0006423,1,0,0,0,3331,2,1,South,9,6,1,very_high,medium,1,1,1,0,0,0,1,0,No_Error,0,98,1.6333333333333333,1-2h,9,6,1,1,Success,300,0,Synced,0,0,9,6,1,low,none,0,Current,Mobile,B254,3,6,3,1,1,0
TXN0052873,1,0,0,0,3165,1,1,West,11,6,1,very_high,low,0,0,0,0,0,0,1,0,No_Error,0,139,2.316666666666667,>2h,11,6,1,1,Success,704,0,Synced,0,0,11,6,1,moderate,none,0,Savings,Mobile,B258,3,6,3,1,1,0
TXN0072125,0,0,0,0,200,1,0,East,0,6,1,low,low,0,0,0,0,0,0,0,0,No_Error,0,26,0.4333333333333333,15-30m,0,6,0,0,Success,537,0,Synced,0,0,0,6,0,moderate,none,0,Savings,Tablet,B465,3,6,0,0,0,0
TXN0038780,0,1,0,0,796,2,0,North,21,6,1,moderate,medium,0,0,1,0,0,0,0,1,PAN,0,215,3.583333333333333,>2h,21,6,0,2,Success,475,0,Synced,0,0,21,6,0,low,none,0,Current,Tablet,B450,3,6,2,1,0,0
TXN0091924,0,1,1,1,766,1,0,West,4,6,1,moderate,low,0,0,0,0,0,0,1,1,PAN,1,223,3.716666666666667,>2h,4,6,0,3,Failure,3885,3,Failed,1,1,4,6,0,very_high,high,4,Savings,Mobile,B280,3,6,7,2,0,1
TXN0020475,0,1,0,0,911,1,0,East,19,6,1,moderate,low,0,1,0,0,0,0,0,1,KYC_ID,0,80,1.3333333333333333,1-2h,19,6,0,2,Success,354,0,Synced,0,0,19,6,0,low,none,0,Current,Tablet,B320,3,6,2,1,0,0
TXN0011081,0,0,0,0,1002,1,0,North,17,6,1,high,low,0,0,0,0,0,0,0,0,No_Error,0,102,1.7,1-2h,17,6,0,1,Success,1187,0,Synced,0,0,17,6,0,high,none,1,Current,Tablet,B109,3,6,2,0,1,1
TXN0022919,1,0,0,1,803,2,0,West,21,6,1,moderate,medium,0,0,0,0,0,0,0,0,No_Error,0,80,1.3333333333333333,1-2h,21,6,0,1,Success,1116,0,Synced,0,0,21,6,0,high,none,1,Current,Tablet,B276,3,6,2,1,0,1
TXN0093361,0,0,0,0,646,1,0,South,22,6,1,moderate,low,1,0,0,0,0,0,0,0,No_Error,0,102,1.7,1-2h,22,6,0,1,Success,572,0,Synced,0,0,22,6,0,moderate,none,0,Savings,Mobile,B433,3,6,1,0,0,0
TXN0022278,0,0,1,0,592,1,0,West,20,6,1,moderate,low,0,0,1,0,0,0,1,0,No_Error,0,40,0.6666666666666666,30-60m,20,6,0,0,Failure,3748,2,Failed,1,1,20,6,0,very_high,medium,4,Savings,Mobile,B551,3,6,4,1,0,1
TXN0020362,0,0,0,0,851,1,0,East,20,6,1,moderate,low,0,0,0,0,0,0,1,0,No_Error,0,117,1.95,1-2h,20,6,0,1,Success,968,0,Synced,0,0,20,6,0,moderate,none,0,Current,Tablet,B435,3,6,1,0,0,0
TXN0016670,0,1,0,1,1144,1,0,South,3,6,1,high,low,0,0,0,0,0,0,0,1,KYC_ID,1,224,3.733333333333333,>2h,3,6,0,3,Success,1096,0,Synced,0,0,3,6,0,high,none,1,Current,Tablet,B410,3,6,4,1,1,1
TXN0044720,0,0,0,0,956,1,0,West,15,6,1,moderate,low,0,0,1,0,0,1,0,0,No_Error,0,43,0.7166666666666667,30-60m,15,6,0,0,Success,765,0,Synced,0,0,15,6,0,moderate,none,0,Savings,Mobile,B149,3,6,0,0,0,0
TXN0089659,0,1,0,1,1116,3,0,North,8,6,1,high,high,1,0,0,0,0,1,0,1,Address,1,61,1.0166666666666666,1-2h,8,6,0,3,Success,502,0,Synced,0,0,8,6,0,moderate,none,0,Current,Tablet,B289,3,6,3,1,1,0
TXN0052530,1,1,0,1,3629,1,1,South,11,6,1,very_high,low,0,0,0,0,0,1,1,1,PAN,1,232,3.8666666666666663,>2h,11,6,1,3,Success,497,0,Synced,0,0,11,6,1,low,none,0,Current,Mobile,B504,3,6,5,2,1,0
TXN0089847,0,0,0,0,626,2,0,West,17,6,1,moderate,medium,0,0,0,0,1,0,0,0,No_Error,0,78,1.3,1-2h,17,6,0,1,Success,438,0,Synced,0,0,17,6,0,low,none,0,Savings,Mobile,B453,3,6,1,0,0,0
TXN0041076,1,0,0,0,2694,1,1,South,9,6,1,very_high,low,0,1,0,0,0,0,1,0,No_Error,0,30,0.5,15-30m,9,6,1,0,Success,1066,0,Synced,0,0,9,6,1,high,none,1,Current,Tablet,B282,3,6,3,1,1,1
TXN0058970,0,0,0,0,1186,1,0,East,18,6,1,high,low,0,1,0,0,0,0,0,0,No_Error,0,121,2.0166666666666666,>2h,18,6,0,1,Success,724,0,Synced,0,0,18,6,0,moderate,none,0,Current,Mobile,B252,3,6,1,0,1,0
TXN0000578,0,0,0,0,782,1,0,West,3,6,1,moderate,low,0,0,1,0,0,0,0,0,No_Error,0,161,2.683333333333333,>2h,3,6,0,1,Success,1183,0,Synced,0,0,3,6,0,high,none,1,Savings,Tablet,B588,3,6,2,0,0,1
TXN0054106,0,1,0,0,1010,2,0,North,15,6,1,high,medium,0,0,0,0,0,0,0,1,PAN,1,247,4.116666666666666,>2h,15,6,0,3,Success,661,0,Synced,0,0,15,6,0,moderate,none,0,Savings,Mobile,B156,3,6,3,1,1,0
TXN0076319,0,0,0,0,721,1,0,West,21,6,1,moderate,low,0,0,0,0,0,1,0,0,No_Error,0,50,0.8333333333333334,30-60m,21,6,0,0,Success,989,0,Synced,0,0,21,6,0,moderate,none,0,Savings,Mobile,B144,3,6,0,0,0,0
TXN0050866,0,0,0,1,831,2,0,South,17,6,1,moderate,medium,0,0,1,0,0,0,0,0,No_Error,0,172,2.8666666666666667,>2h,17,6,0,1,Success,431,0,Synced,0,0,17,6,0,low,none,0,Current,Mobile,B351,3,6,1,0,0,0
TXN0020429,0,0,0,1,682,1,0,West,16,6,1,moderate,low,1,0,0,0,1,0,0,0,No_Error,0,77,1.2833333333333334,1-2h,16,6,0,1,Success,325,0,Synced,0,0,16,6,0,low,none,0,Savings,Tablet,B335,3,6,1,0,0,0
TXN0049318,0,0,0,0,392,3,0,South,4,6,1,low,high,1,0,0,0,0,0,0,0,No_Error,0,55,0.9166666666666666,30-60m,4,6,0,0,Success,1161,0,Synced,0,0,4,6,0,high,none,1,Current,Tablet,B159,3,6,1,0,0,1
TXN0077642,0,0,0,0,871,1,0,East,15,6,1,moderate,low,0,1,0,0,0,0,0,0,No_Error,0,163,2.716666666666667,>2h,15,6,0,1,Success,1034,0,Synced,0,0,15,6,0,high,none,1,Savings,Mobile,B344,3,6,2,0,0,1
TXN0091945,0,0,0,0,512,1,0,East,16,6,1,moderate,low,0,0,0,0,0,0,0,0,No_Error,0,108,1.8,1-2h,16,6,0,1,Success,1095,0,Synced,0,0,16,6,0,high,none,1,Current,Tablet,B546,3,6,2,0,0,1
TXN0079619,0,0,0,0,989,1,0,South,18,6,1,moderate,low,0,0,0,0,0,0,0,0,No_Error,0,165,2.75,>2h,18,6,0,1,Success,951,0,Synced,0,0,18,6,0,moderate,none,0,Current,Mobile,B436,3,6,1,0,0,0
TXN0092879,0,1,0,0,599,1,0,North,5,6,1,moderate,low,0,0,0,0,0,0,0,1,Address,1,212,3.533333333333333,>2h,5,6,0,3,Success,484,0,Synced,0,0,5,6,0,low,none,0,Current,Mobile,B511,3,6,3,1,0,0
TXN0047107,1,1,0,0,1884,1,1,South,10,6,1,high,low,0,0,0,0,0,0,0,1,PAN,1,77,1.2833333333333334,1-2h,10,6,1,3,Success,581,0,Synced,0,0,10,6,1,moderate,none,0,Current,Mobile,B175,3,6,5,2,1,0
TXN0019736,1,0,0,0,735,2,0,West,5,6,1,moderate,medium,1,0,0,0,0,0,0,0,No_Error,0,126,2.1,>2h,5,6,0,1,Success,327,0,Synced,0,0,5,6,0,low,none,0,Savings,Mobile,B217,3,6,1,1,0,0
TXN0003313,0,0,0,0,891,2,0,North,16,6,1,moderate,medium,0,0,0,0,0,0,0,0,No_Error,0,102,1.7,1-2h,16,6,0,1,Success,863,0,Synced,0,0,16,6,0,moderate,none,0,Current,Mobile,B296,3,6,1,0,0,0
TXN0037687,0,0,0,0,741,1,0,South,2,6,1,moderate,low,1,0,0,0,0,0,0,0,No_Error,0,91,1.5166666666666666,1-2h,2,6,0,1,Success,1145,0,Synced,0,0,2,6,0,high,none,1,Savings,Mobile,B357,3,6,2,0,0,1
TXN0042575,0,0,0,0,1052,3,0,South,3,6,1,high,high,0,0,0,0,0,0,0,0,No_Error,0,47,0.7833333333333333,30-60m,3,6,0,0,Success,693,0,Synced,0,0,3,6,0,moderate,none,0,Savings,Tablet,B171,3,6,0,0,1,0
TXN0082406,0,1,0,0,775,1,0,North,6,6,1,moderate,low,0,0,1,0,0,0,0,1,DOB,0,124,2.066666666666667,>2h,6,6,0,2,Success,536,0,Synced,0,0,6,6,0,moderate,none,0,Current,Mobile,B557,3,6,2,1,0,0
TXN0084434,1,1,0,0,432,2,0,North,21,6,1,low,medium,0,0,0,0,0,0,1,1,PAN,0,147,2.45,>2h,21,6,0,2,Success,447,0,Synced,0,0,21,6,0,low,none,0,Savings,Mobile,B585,3,6,2,2,0,0
TXN0084640,0,1,0,1,305,1,0,North,18,6,1,low,low,0,1,0,0,0,0,0,1,Address,0,288,4.8,>2h,18,6,0,2,Success,892,0,Synced,0,0,18,6,0,moderate,none,0,Current,Tablet,B226,3,6,2,1,0,0
TXN0046363,0,0,0,0,559,1,0,West,16,6,1,moderate,low,0,0,0,0,0,0,0,0,No_Error,0,46,0.7666666666666667,30-60m,16,6,0,0,Success,501,0,Synced,0,0,16,6,0,moderate,none,0,Savings,Tablet,B218,3,6,0,0,0,0
TXN0065959,1,0,0,0,2816,1,1,East,10,6,1,very_high,low,0,1,1,0,0,0,1,0,No_Error,0,84,1.4,1-2h,10,6,1,1,Success,964,0,Synced,0,0,10,6,1,moderate,none,0,Current,Tablet,B422,3,6,3,1,1,0
TXN0055470,0,0,1,0,799,1,0,North,1,6,1,moderate,low,0,0,0,0,0,0,0,0,No_Error,0,80,1.3333333333333333,1-2h,1,6,0,1,Failure,2335,2,Failed,1,1,1,6,0,very_high,medium,4,Savings,Mobile,B312,3,6,5,1,0,1
TXN0000833,0,0,0,0,1142,1,0,East,12,6,1,high,low,0,0,1,1,0,0,0,0,No_Error,0,170,2.833333333333333,>2h,12,6,0,1,Success,1128,0,Synced,0,0,12,6,0,high,none,1,Savings,Tablet,B103,3,6,2,0,1,1
TXN0016842,0,0,0,0,632,1,0,East,0,6,1,moderate,low,0,0,0,0,0,0,0,0,No_Error,0,14,0.2333333333333333,<=15m,0,6,0,0,Success,1082,0,Synced,0,0,0,6,0,high,none,1,Savings,Mobile,B341,3,6,1,0,0,1
TXN0039845,1,0,0,1,693,1,0,East,14,6,1,moderate,low,0,0,0,1,0,0,0,0,No_Error,0,5,0.0833333333333333,<=15m,14,6,0,0,Success,1049,0,Synced,0,0,14,6,0,high,none,1,Current,Tablet,B513,3,6,1,1,0,1
TXN0037836,0,0,0,0,1019,1,0,North,14,6,1,high,low,1,1,0,0,0,0,0,0,No_Error,0,177,2.95,>2h,14,6,0,1,Success,697,0,Synced,0,0,14,6,0,moderate,none,0,Savings,Mobile,B381,3,6,1,0,1,0
TXN0048006,0,0,0,0,291,1,0,West,14,6,1,low,low,0,0,0,0,0,0,0,0,No_Error,0,58,0.9666666666666668,30-60m,14,6,0,0,Success,732,0,Synced,0,0,14,6,0,moderate,none,0,Current,Tablet,B136,3,6,0,0,0,0
TXN0012082,1,0,0,0,1059,2,0,East,3,6,1,high,medium,0,1,0,1,0,0,0,0,No_Error,0,172,2.8666666666666667,>2h,3,6,0,1,Success,892,0,Synced,0,0,3,6,0,moderate,none,0,Current,Mobile,B589,3,6,1,1,1,0
TXN0067774,0,0,0,0,270,1,0,East,7,6,1,low,low,0,1,0,0,0,0,0,0,No_Error,0,42,0.7,30-60m,7,6,0,0,Success,758,0,Synced,0,0,7,6,0,moderate,none,0,Savings,Tablet,B219,3,6,0,0,0,0
TXN0002788,0,1,0,1,450,1,0,South,19,6,1,low,low,0,0,0,0,0,0,0,1,Address,0,83,1.3833333333333333,1-2h,19,6,0,2,Success,1078,0,Synced,0,0,19,6,0,high,none,1,Current,Tablet,B196,3,6,3,1,0,1
TXN0036545,0,0,0,0,264,1,0,East,5,6,1,low,low,0,0,0,0,0,0,0,0,No_Error,0,113,1.8833333333333333,1-2h,5,6,0,1,Success,888,0,Synced,0,0,5,6,0,moderate,none,0,Savings,Mobile,B155,3,6,1,0,0,0
TXN0027646,1,0,0,0,2296,2,1,West,10,6,1,very_high,medium,1,1,0,0,0,1,0,0,No_Error,0,95,1.5833333333333333,1-2h,10,6,1,1,Success,521,0,Synced,0,0,10,6,1,moderate,none,0,Savings,Mobile,B275,3,6,3,1,1,0
TXN0028101,0,0,0,0,1044,1,0,South,20,6,1,high,low,0,1,0,0,0,0,0,0,No_Error,0,28,0.4666666666666667,15-30m,20,6,0,0,Success,379,0,Synced,0,0,20,6,0,low,none,0,Savings,Mobile,B276,3,6,0,0,1,0
TXN0004189,0,0,0,0,204,1,0,North,6,6,1,low,low,0,0,0,0,0,0,0,0,No_Error,0,33,0.55,30-60m,6,6,0,0,Success,396,0,Synced,0,0,6,6,0,low,none,0,Savings,Tablet,B185,3,6,0,0,0,0
TXN0063121,0,0,0,1,1170,1,0,North,14,6,1,high,low,0,0,0,0,0,0,0,0,No_Error,0,82,1.3666666666666667,1-2h,14,6,0,1,Success,1150,0,Synced,0,0,14,6,0,high,none,1,Current,Tablet,B409,3,6,2,0,1,1
TXN0007339,0,1,0,0,412,1,0,South,2,6,1,low,low,0,0,0,0,0,0,0,1,Address,1,202,3.3666666666666667,>2h,2,6,0,3,Success,1146,0,Synced,0,0,2,6,0,high,none,1,Current,Tablet,B511,3,6,4,1,0,1
TXN0023986,0,0,0,0,992,1,0,West,12,6,1,moderate,low,0,0,0,0,0,0,0,0,No_Error,0,71,1.1833333333333331,1-2h,12,6,0,1,Success,498,0,Synced,0,0,12,6,0,low,none,0,Savings,Mobile,B113,3,6,1,0,0,0
TXN0066871,0,0,0,0,967,2,0,South,7,6,1,moderate,medium,0,0,0,0,0,0,0,0,No_Error,0,130,2.1666666666666665,>2h,7,6,0,1,Success,643,0,Synced,0,0,7,6,0,moderate,none,0,Current,Mobile,B526,3,6,1,0,0,0
TXN0097652,0,0,0,0,270,1,0,West,2,6,1,low,low,0,0,0,0,0,0,0,0,No_Error,0,11,0.1833333333333333,<=15m,2,6,0,0,Success,347,0,Synced,0,0,2,6,0,low,none,0,Current,Mobile,B186,3,6,0,0,0,0
TXN0050579,1,0,0,0,3553,1,1,North,11,6,1,very_high,low,0,0,0,1,0,1,1,0,No_Error,0,140,2.333333333333333,>2h,11,6,1,1,Success,358,0,Synced,0,0,11,6,1,low,none,0,Current,Mobile,B463,3,6,3,1,1,0
TXN0087470,0,0,0,0,463,1,0,North,20,6,1,low,low,1,0,0,0,0,0,0,0,No_Error,0,104,1.7333333333333334,1-2h,20,6,0,1,Success,742,0,Synced,0,0,20,6,0,moderate,none,0,Current,Mobile,B209,3,6,1,0,0,0
TXN0041821,0,0,0,0,693,1,0,East,2,6,1,moderate,low,0,0,0,0,0,0,0,0,No_Error,0,22,0.3666666666666666,15-30m,2,6,0,0,Success,1018,0,Synced,0,0,2,6,0,high,none,1,Current,Mobile,B525,3,6,1,0,0,1
TXN0036823,0,1,0,1,1150,1,0,North,2,6,1,high,low,0,0,0,0,0,0,1,1,KYC_ID,1,237,3.95,>2h,2,6,0,3,Success,837,0,Synced,0,0,2,6,0,moderate,none,0,Current,Tablet,B435,3,6,3,1,1,0
TXN0027717,0,0,0,0,278,1,0,West,4,6,1,low,low,0,0,1,0,0,0,0,0,No_Error,0,87,1.45,1-2h,4,6,0,1,Success,753,0,Synced,0,0,4,6,0,moderate,none,0,Savings,Tablet,B465,3,6,1,0,0,0
TXN0041671,0,0,0,1,1185,1,0,North,0,6,1,high,low,0,0,0,0,0,0,0,0,No_Error,0,121,2.0166666666666666,>2h,0,6,0,1,Success,655,0,Synced,0,0,0,6,0,moderate,none,0,Current,Tablet,B318,3,6,1,0,1,0
TXN0002212,0,0,0,1,1044,1,0,East,17,6,1,high,low,0,1,0,0,0,0,0,0,No_Error,0,25,0.4166666666666667,15-30m,17,6,0,0,Success,1166,0,Synced,0,0,17,6,0,high,none,1,Savings,Tablet,B168,3,6,1,0,1,1
TXN0009600,0,0,0,0,1185,1,0,West,23,6,1,high,low,0,0,0,1,0,0,0,0,No_Error,0,42,0.7,30-60m,23,6,0,0,Success,1037,0,Synced,0,0,23,6,0,high,none,1,Current,Mobile,B408,3,6,1,0,1,1
TXN0089805,0,0,0,0,534,1,0,North,17,6,1,moderate,low,0,0,0,0,0,0,0,0,No_Error,0,81,1.35,1-2h,17,6,0,1,Success,751,0,Synced,0,0,17,6,0,moderate,none,0,Savings,Mobile,B269,3,6,1,0,0,0
TXN0053113,1,0,0,0,372,1,0,West,3,6,1,low,low,0,1,0,0,0,0,0,0,No_Error,0,75,1.25,1-2h,3,6,0,1,Success,1111,0,Synced,0,0,3,6,0,high,none,1,Current,Tablet,B175,3,6,2,1,0,1
TXN0054272,0,0,0,1,496,1,0,East,2,6,1,low,low,0,0,0,0,0,0,0,0,No_Error,0,15,0.25,<=15m,2,6,0,0,Success,461,0,Synced,0,0,2,6,0,low,none,0,Current,Tablet,B400,3,6,0,0,0,0
TXN0023001,1,0,0,0,2035,1,1,South,11,6,1,very_high,low,1,0,0,1,0,1,1,0,No_Error,0,109,1.8166666666666669,1-2h,11,6,1,1,Success,1032,0,Synced,0,0,11,6,1,high,none,1,Savings,Tablet,B252,3,6,4,1,1,1
TXN0037028,0,0,0,1,528,1,0,North,23,6,1,moderate,low,0,0,0,1,1,0,1,0,No_Error,0,63,1.05,1-2h,23,6,0,1,Success,1066,0,Synced,0,0,23,6,0,high,none,1,Current,Tablet,B296,3,6,2,0,0,1
TXN0068970,0,0,0,1,241,1,0,South,6,6,1,low,low,1,0,0,0,0,0,0,0,No_Error,0,54,0.9,30-60m,6,6,0,0,Success,847,0,Synced,0,0,6,6,0,moderate,none,0,Current,Tablet,B492,3,6,0,0,0,0
TXN0061238,0,1,0,0,979,1,0,South,14,6,1,moderate,low,0,0,0,0,0,0,0,1,DOB,0,280,4.666666666666667,>2h,14,6,0,2,Success,597,0,Synced,0,0,14,6,0,moderate,none,0,Current,Tablet,B132,3,6,2,1,0,0
TXN0011897,0,0,0,0,281,1,0,West,15,6,1,low,low,0,1,0,0,0,0,0,0,No_Error,0,21,0.35,15-30m,15,6,0,0,Success,975,0,Synced,0,0,15,6,0,moderate,none,0,Savings,Tablet,B305,3,6,0,0,0,0
TXN0032661,0,0,1,1,483,1,0,South,0,6,1,low,low,0,0,0,0,0,0,1,0,No_Error,0,134,2.2333333333333334,>2h,0,6,0,1,Failure,4380,3,Failed,1,1,0,6,0,very_high,high,4,Current,Mobile,B565,3,6,5,1,0,1
TXN0015666,0,0,0,0,497,1,0,East,8,6,1,low,low,1,0,0,0,0,0,0,0,No_Error,0,106,1.7666666666666666,1-2h,8,6,0,1,Success,493,0,Synced,0,0,8,6,0,low,none,0,Current,Mobile,B175,3,6,1,0,0,0
TXN0002168,0,0,0,0,764,2,0,North,12,6,1,moderate,medium,0,0,0,0,0,0,0,0,No_Error,0,5,0.0833333333333333,<=15m,12,6,0,0,Success,973,0,Synced,0,0,12,6,0,moderate,none,0,Current,Tablet,B310,3,6,0,0,0,0
TXN0093665,0,0,1,1,1118,2,0,North,13,6,1,high,medium,0,0,0,0,0,0,0,0,No_Error,0,32,0.5333333333333333,30-60m,13,6,0,0,Failure,2226,1,Failed,1,1,13,6,0,very_high,low,4,Current,Tablet,B472,3,6,4,1,1,1
TXN0062925,0,1,0,0,898,2,0,South,8,6,1,moderate,medium,0,0,0,0,0,0,0,1,DOB,0,87,1.45,1-2h,8,6,0,2,Success,716,0,Synced,0,0,8,6,0,moderate,none,0,Current,Mobile,B340,3,6,2,1,0,0
TXN0019212,1,0,0,1,3919,1,1,West,10,6,1,very_high,low,0,1,0,0,0,1,1,0,No_Error,0,84,1.4,1-2h,10,6,1,1,Success,320,0,Synced,0,0,10,6,1,low,none,0,Savings,Tablet,B541,3,6,3,1,1,0
TXN0018483,1,0,0,0,3801,3,1,West,10,6,1,very_high,high,1,0,1,0,0,1,0,0,No_Error,0,30,0.5,15-30m,10,6,1,0,Success,322,0,Synced,0,0,10,6,1,low,none,0,Savings,Tablet,B317,3,6,2,1,1,0
TXN0030017,0,1,0,1,591,1,0,West,23,6,1,moderate,low,0,0,0,0,0,0,0,1,KYC_ID,1,207,3.45,>2h,23,6,0,3,Success,802,0,Synced,0,0,23,6,0,moderate,none,0,Savings,Tablet,B474,3,6,3,1,0,0
TXN0092222,0,0,0,0,550,1,0,West,4,6,1,moderate,low,1,0,0,0,0,0,0,0,No_Error,0,128,2.1333333333333333,>2h,4,6,0,1,Success,789,0,Synced,0,0,4,6,0,moderate,none,0,Current,Mobile,B455,3,6,1,0,0,0
TXN0003737,1,1,0,0,1009,2,0,East,15,6,1,high,medium,1,0,0,0,0,0,0,1,KYC_ID,0,229,3.816666666666667,>2h,15,6,0,2,Success,381,0,Synced,0,0,15,6,0,low,none,0,Savings,Tablet,B280,3,6,2,2,1,0
TXN0034721,0,1,0,0,870,3,0,North,4,6,1,moderate,high,0,1,0,0,0,0,0,1,KYC_ID,1,94,1.5666666666666669,1-2h,4,6,0,3,Success,614,0,Synced,0,0,4,6,0,moderate,none,0,Current,Tablet,B359,3,6,3,1,0,0
TXN0058320,1,1,0,1,3542,1,1,South,11,6,1,very_high,low,1,1,1,0,0,1,1,1,PAN,1,112,1.8666666666666667,1-2h,11,6,1,3,Success,838,0,Synced,0,0,11,6,1,moderate,none,0,Current,Tablet,B323,3,6,5,2,1,0
TXN0032710,0,0,0,0,347,1,0,East,22,6,1,low,low,1,0,0,0,0,0,0,0,No_Error,0,103,1.7166666666666666,1-2h,22,6,0,1,Success,689,0,Synced,0,0,22,6,0,moderate,none,0,Current,Mobile,B595,3,6,1,0,0,0
TXN0040501,0,1,0,0,374,1,0,South,6,6,1,low,low,0,0,0,0,0,0,0,1,KYC_ID,1,255,4.25,>2h,6,6,0,3,Success,365,0,Synced,0,0,6,6,0,low,none,0,Current,Mobile,B459,3,6,3,1,0,0
TXN0094458,0,0,0,0,876,2,0,South,22,6,1,moderate,medium,0,0,0,0,1,0,0,0,No_Error,0,168,2.8,>2h,22,6,0,1,Success,1149,0,Synced,0,0,22,6,0,high,none,1,Current,Tablet,B118,3,6,2,0,0,1
TXN0009836,0,1,0,0,220,1,0,East,14,6,1,low,low,0,0,0,0,0,0,0,1,DOB,1,116,1.9333333333333331,1-2h,14,6,0,3,Success,1139,0,Synced,0,0,14,6,0,high,none,1,Current,Tablet,B588,3,6,4,1,0,1
TXN0032358,0,0,0,0,1155,1,0,South,13,6,1,high,low,0,1,0,0,0,0,0,0,No_Error,0,93,1.55,1-2h,13,6,0,1,Success,507,0,Synced,0,0,13,6,0,moderate,none,0,Current,Tablet,B573,3,6,1,0,1,0
TXN0086166,1,1,0,1,789,1,0,South,13,6,1,moderate,low,0,0,1,0,0,0,0,1,KYC_ID,1,62,1.0333333333333334,1-2h,13,6,0,3,Success,1104,0,Synced,0,0,13,6,0,high,none,1,Savings,Tablet,B580,3,6,4,2,0,1
TXN0087102,0,0,0,0,267,1,0,South,21,6,1,low,low,0,0,0,0,0,0,0,0,No_Error,0,160,2.6666666666666665,>2h,21,6,0,1,Success,1137,0,Synced,0,0,21,6,0,high,none,1,Savings,Mobile,B157,3,6,2,0,0,1
TXN0062450,1,0,0,1,3273,1,1,East,9,6,1,very_high,low,0,1,0,0,0,1,1,0,No_Error,0,149,2.4833333333333334,>2h,9,6,1,1,Success,915,0,Synced,0,0,9,6,1,moderate,none,0,Current,Tablet,B409,3,6,3,1,1,0
TXN0001574,0,1,0,0,512,1,0,East,14,6,1,moderate,low,0,0,0,0,0,0,0,1,Address,0,228,3.8,>2h,14,6,0,2,Success,917,0,Synced,0,0,14,6,0,moderate,none,0,Savings,Mobile,B585,3,6,2,1,0,0
TXN0048728,0,0,0,0,871,1,0,South,17,6,1,moderate,low,0,0,0,0,0,0,0,0,No_Error,0,149,2.4833333333333334,>2h,17,6,0,1,Success,861,0,Synced,0,0,17,6,0,moderate,none,0,Savings,Tablet,B373,3,6,1,0,0,0
TXN0020676,0,0,0,0,593,1,0,East,0,6,1,moderate,low,0,0,0,0,0,0,0,0,No_Error,0,123,2.05,>2h,0,6,0,1,Success,601,0,Synced,0,0,0,6,0,moderate,none,0,Savings,Tablet,B412,3,6,1,0,0,0
TXN0094764,0,0,0,0,200,1,0,North,1,6,1,low,low,0,0,0,0,0,0,0,0,No_Error,0,36,0.6,30-60m,1,6,0,0,Success,997,0,Synced,0,0,1,6,0,moderate,none,0,Current,Mobile,B201,3,6,0,0,0,0
TXN0091870,0,0,0,0,1188,3,0,North,19,6,1,high,high,0,0,0,0,0,0,0,0,No_Error,0,97,1.6166666666666667,1-2h,19,6,0,1,Success,664,0,Synced,0,0,19,6,0,moderate,none,0,Current,Tablet,B566,3,6,1,0,1,0
TXN0020061,1,0,0,0,933,2,0,South,12,6,1,moderate,medium,0,0,0,0,0,0,0,0,No_Error,0,63,1.05,1-2h,12,6,0,1,Success,483,0,Synced,0,0,12,6,0,low,none,0,Savings,Tablet,B515,3,6,1,1,0,0
TXN0038050,0,0,0,0,937,1,0,East,0,6,1,moderate,low,0,0,0,0,0,0,0,0,No_Error,0,125,2.083333333333333,>2h,0,6,0,1,Success,560,0,Synced,0,0,0,6,0,moderate,none,0,Current,Tablet,B164,3,6,1,0,0,0
TXN0098071,0,0,0,0,1108,1,0,South,3,6,1,high,low,1,0,0,0,0,0,0,0,No_Error,0,33,0.55,30-60m,3,6,0,0,Success,792,0,Synced,0,0,3,6,0,moderate,none,0,Savings,Mobile,B262,3,6,0,0,1,0
TXN0040395,0,0,0,0,1178,1,0,South,21,6,1,high,low,0,1,0,0,0,1,0,0,No_Error,0,32,0.5333333333333333,30-60m,21,6,0,0,Success,800,0,Synced,0,0,21,6,0,moderate,none,0,Current,Mobile,B532,3,6,0,0,1,0
TXN0061950,0,0,0,0,475,1,0,North,23,6,1,low,low,0,0,0,0,0,0,0,0,No_Error,0,107,1.7833333333333334,1-2h,23,6,0,1,Success,513,0,Synced,0,0,23,6,0,moderate,none,0,Savings,Tablet,B205,3,6,1,0,0,0
TXN0087036,0,0,0,1,954,1,0,East,23,6,1,moderate,low,0,1,0,0,0,0,0,0,No_Error,0,26,0.4333333333333333,15-30m,23,6,0,0,Success,1146,0,Synced,0,0,23,6,0,high,none,1,Savings,Mobile,B106,3,6,1,0,0,1
TXN0024036,0,0,0,0,465,2,0,South,17,6,1,low,medium,0,0,0,0,0,0,0,0,No_Error,0,93,1.55,1-2h,17,6,0,1,Success,1063,0,Synced,0,0,17,6,0,high,none,1,Current,Mobile,B263,3,6,2,0,0,1
TXN0041278,1,0,0,1,3914,2,1,North,11,6,1,very_high,medium,1,1,1,0,0,1,1,0,No_Error,0,115,1.9166666666666667,1-2h,11,6,1,1,Success,427,0,Synced,0,0,11,6,1,low,none,0,Current,Mobile,B402,3,6,3,1,1,0
TXN0061076,0,0,0,1,667,1,0,North,5,6,1,moderate,low,0,0,0,0,0,0,0,0,No_Error,0,108,1.8,1-2h,5,6,0,1,Success,999,0,Synced,0,0,5,6,0,moderate,none,0,Current,Mobile,B314,3,6,1,0,0,0
TXN0093121,0,0,0,0,555,1,0,South,15,6,1,moderate,low,0,0,1,0,0,0,0,0,No_Error,0,162,2.7,>2h,15,6,0,1,Success,963,0,Synced,0,0,15,6,0,moderate,none,0,Savings,Mobile,B104,3,6,1,0,0,0
TXN0009983,1,0,0,0,1629,1,1,West,11,6,1,high,low,0,0,0,0,0,1,0,0,No_Error,0,123,2.05,>2h,11,6,1,1,Success,1015,0,Synced,0,0,11,6,1,high,none,1,Savings,Tablet,B120,3,6,4,1,1,1
TXN0080621,0,0,0,1,919,1,0,East,5,6,1,moderate,low,0,0,0,0,1,0,0,0,No_Error,0,111,1.85,1-2h,5,6,0,1,Success,685,0,Synced,0,0,5,6,0,moderate,none,0,Current,Tablet,B499,3,6,1,0,0,0
TXN0050246,1,0,0,1,714,1,0,South,17,6,1,moderate,low,0,0,0,0,0,0,0,0,No_Error,0,81,1.35,1-2h,17,6,0,1,Success,1094,0,Synced,0,0,17,6,0,high,none,1,Savings,Tablet,B257,3,6,2,1,0,1
TXN0006091,0,0,0,0,376,1,0,East,4,6,1,low,low,0,0,0,0,0,0,0,0,No_Error,0,53,0.8833333333333333,30-60m,4,6,0,0,Success,1171,0,Synced,0,0,4,6,0,high,none,1,Current,Mobile,B329,3,6,1,0,0,1
TXN0048757,0,0,0,0,375,1,0,North,6,6,1,low,low,1,0,0,0,0,0,0,0,No_Error,0,157,2.6166666666666667,>2h,6,6,0,1,Success,431,0,Synced,0,0,6,6,0,low,none,0,Current,Mobile,B166,3,6,1,0,0,0
TXN0007077,0,0,0,0,950,1,0,North,15,6,1,moderate,low,0,0,0,0,0,0,0,0,No_Error,0,96,1.6,1-2h,15,6,0,1,Success,358,0,Synced,0,0,15,6,0,low,none,0,Current,Tablet,B578,3,6,1,0,0,0
TXN0023879,0,0,0,0,421,2,0,West,21,6,1,low,medium,0,0,0,0,0,0,0,0,No_Error,0,160,2.6666666666666665,>2h,21,6,0,1,Success,1154,0,Synced,0,0,21,6,0,high,none,1,Savings,Tablet,B356,3,6,2,0,0,1
TXN0014005,0,0,0,0,655,1,0,West,19,6,1,moderate,low,1,0,0,0,0,0,0,0,No_Error,0,149,2.4833333333333334,>2h,19,6,0,1,Success,412,0,Synced,0,0,19,6,0,low,none,0,Savings,Tablet,B503,3,6,1,0,0,0
TXN0021664,0,0,0,0,1197,1,0,East,13,6,1,high,low,0,1,0,0,0,0,0,0,No_Error,0,73,1.2166666666666666,1-2h,13,6,0,1,Success,470,0,Synced,0,0,13,6,0,low,none,0,Savings,Mobile,B257,3,6,1,0,1,0
TXN0096953,0,0,0,0,929,1,0,South,15,6,1,moderate,low,0,0,0,0,0,0,0,0,No_Error,0,116,1.9333333333333331,1-2h,15,6,0,1,Success,727,0,Synced,0,0,15,6,0,moderate,none,0,Savings,Mobile,B506,3,6,1,0,0,0
TXN0053587,0,1,1,1,519,1,0,South,6,6,1,moderate,low,1,0,0,0,0,0,0,1,KYC_ID,1,147,2.45,>2h,6,6,0,3,Failure,2917,3,Failed,1,1,6,6,0,very_high,high,4,Current,Tablet,B506,3,6,7,2,0,1
TXN0049927,0,0,0,0,662,1,0,East,15,6,1,moderate,low,0,0,0,0,0,0,0,0,No_Error,0,157,2.6166666666666667,>2h,15,6,0,1,Success,339,0,Synced,0,0,15,6,0,low,none,0,Current,Mobile,B255,3,6,1,0,0,0
TXN0040272,0,0,0,0,806,3,0,South,5,6,1,moderate,high,0,0,1,0,0,0,0,0,No_Error,0,40,0.6666666666666666,30-60m,5,6,0,0,Success,1106,0,Synced,0,0,5,6,0,high,none,1,Current,Mobile,B441,3,6,1,0,0,1
TXN0043709,0,0,0,1,573,1,0,South,1,6,1,moderate,low,0,1,1,0,0,0,0,0,No_Error,0,172,2.8666666666666667,>2h,1,6,0,1,Success,473,0,Synced,0,0,1,6,0,low,none,0,Current,Mobile,B167,3,6,1,0,0,0
TXN0089176,0,0,0,0,995,1,0,North,22,6,1,moderate,low,0,0,0,0,0,0,0,0,No_Error,0,146,2.433333333333333,>2h,22,6,0,1,Success,910,0,Synced,0,0,22,6,0,moderate,none,0,Current,Tablet,B528,3,6,1,0,0,0
TXN0054179,0,0,0,0,711,1,0,East,2,6,1,moderate,low,0,0,0,0,0,0,0,0,No_Error,0,157,2.6166666666666667,>2h,2,6,0,1,Success,770,0,Synced,0,0,2,6,0,moderate,none,0,Savings,Mobile,B333,3,6,1,0,0,0
TXN0048768,0,0,0,0,293,1,0,North,7,6,1,low,low,1,0,0,0,0,0,0,0,No_Error,0,45,0.75,30-60m,7,6,0,0,Success,860,0,Synced,0,0,7,6,0,moderate,none,0,Savings,Mobile,B103,3,6,0,0,0,0
TXN0011371,1,0,0,0,704,1,0,South,14,6,1,moderate,low,0,0,0,1,0,0,1,0,No_Error,0,11,0.1833333333333333,<=15m,14,6,0,0,Success,820,0,Synced,0,0,14,6,0,moderate,none,0,Savings,Mobile,B147,3,6,0,1,0,0
TXN0065753,0,0,0,0,776,2,0,South,2,6,1,moderate,medium,0,0,0,0,0,0,0,0,No_Error,0,117,1.95,1-2h,2,6,0,1,Success,457,0,Synced,0,0,2,6,0,low,none,0,Savings,Mobile,B502,3,6,1,0,0,0
TXN0056013,0,0,0,0,664,1,0,South,1,6,1,moderate,low,0,0,0,0,0,0,0,0,No_Error,0,20,0.3333333333333333,15-30m,1,6,0,0,Success,769,0,Synced,0,0,1,6,0,moderate,none,0,Savings,Mobile,B168,3,6,0,0,0,0
TXN0002037,0,1,0,1,323,1,0,North,20,6,1,low,low,0,0,0,0,0,0,0,1,Address,0,137,2.283333333333333,>2h,20,6,0,2,Success,504,0,Synced,0,0,20,6,0,moderate,none,0,Savings,Tablet,B232,3,6,2,1,0,0
TXN0051228,0,1,0,0,248,1,0,North,2,6,1,low,low,0,0,0,0,0,0,0,1,Address,1,127,2.1166666666666667,>2h,2,6,0,3,Success,614,0,Synced,0,0,2,6,0,moderate,none,0,Savings,Tablet,B333,3,6,3,1,0,0
TXN0076354,0,0,0,1,563,1,0,North,4,6,1,moderate,low,0,0,0,0,0,0,0,0,No_Error,0,134,2.2333333333333334,>2h,4,6,0,1,Success,694,0,Synced,0,0,4,6,0,moderate,none,0,Current,Mobile,B506,3,6,1,0,0,0
TXN0049320,0,0,0,0,695,1,0,South,20,6,1,moderate,low,0,0,0,0,0,0,0,0,No_Error,0,39,0.65,30-60m,20,6,0,0,Success,1039,0,Synced,0,0,20,6,0,high,none,1,Savings,Tablet,B316,3,6,1,0,0,1
TXN0086815,0,0,0,0,996,1,0,South,22,6,1,moderate,low,0,0,0,0,0,0,1,0,No_Error,0,33,0.55,30-60m,22,6,0,0,Success,809,0,Synced,0,0,22,6,0,moderate,none,0,Current,Tablet,B169,3,6,0,0,0,0
TXN0054234,0,0,0,0,214,1,0,South,18,6,1,low,low,0,0,0,0,0,0,0,0,No_Error,0,177,2.95,>2h,18,6,0,1,Success,470,0,Synced,0,0,18,6,0,low,none,0,Savings,Mobile,B415,3,6,1,0,0,0
TXN0087251,0,1,0,0,625,1,0,East,2,6,1,moderate,low,0,0,0,0,0,0,0,1,PAN,0,284,4.733333333333333,>2h,2,6,0,2,Success,467,0,Synced,0,0,2,6,0,low,none,0,Savings,Tablet,B459,3,6,2,1,0,0
TXN0060433,0,1,0,0,2008,1,1,North,10,6,1,very_high,low,0,0,0,1,0,0,1,1,PAN,0,175,2.9166666666666665,>2h,10,6,1,2,Success,825,0,Synced,0,0,10,6,1,moderate,none,0,Current,Tablet,B196,3,6,4,1,1,0
TXN0075428,1,1,1,1,3022,1,1,East,11,6,1,very_high,low,0,1,0,0,0,1,1,1,Address,1,216,3.6,>2h,11,6,1,3,Failure,3125,1,Failed,1,0,11,6,1,very_high,low,3,Savings,Tablet,B161,3,6,8,3,1,1
TXN0079966,0,0,0,1,260,2,0,South,23,6,1,low,medium,0,0,0,0,0,0,0,0,No_Error,0,11,0.1833333333333333,<=15m,23,6,0,0,Success,318,0,Synced,0,0,23,6,0,low,none,0,Current,Tablet,B193,3,6,0,0,0,0
TXN0032584,0,0,0,0,919,1,0,South,18,6,1,moderate,low,0,0,0,0,0,0,0,0,No_Error,0,59,0.9833333333333332,30-60m,18,6,0,0,Success,825,0,Synced,0,0,18,6,0,moderate,none,0,Current,Mobile,B599,3,6,0,0,0,0
TXN0076573,1,1,0,0,323,1,0,North,21,6,1,low,low,0,0,0,0,1,0,0,1,Address,0,241,4.016666666666667,>2h,21,6,0,2,Success,788,0,Synced,0,0,21,6,0,moderate,none,0,Current,Mobile,B371,3,6,2,2,0,0
TXN0081523,0,0,0,0,209,3,0,South,16,6,1,low,high,0,0,0,0,0,0,0,0,No_Error,0,18,0.3,15-30m,16,6,0,0,Success,523,0,Synced,0,0,16,6,0,moderate,none,0,Savings,Tablet,B197,3,6,0,0,0,0
TXN0054525,0,0,1,1,365,2,0,South,14,6,1,low,medium,0,0,0,0,0,0,0,0,No_Error,0,11,0.1833333333333333,<=15m,14,6,0,0,Failure,2106,1,Failed,1,0,14,6,0,very_high,low,3,Current,Mobile,B446,3,6,3,1,0,1
TXN0007217,1,0,0,0,499,1,0,North,23,6,1,low,low,0,0,0,1,0,0,0,0,No_Error,0,51,0.85,30-60m,23,6,0,0,Success,577,0,Synced,0,0,23,6,0,moderate,none,0,Current,Mobile,B371,3,6,0,1,0,0
TXN0018887,0,0,0,0,283,1,0,North,22,6,1,low,low,1,0,0,0,0,0,1,0,No_Error,0,171,2.85,>2h,22,6,0,1,Success,871,0,Synced,0,0,22,6,0,moderate,none,0,Current,Tablet,B305,3,6,1,0,0,0
TXN0096429,0,1,0,0,1121,1,0,West,1,6,1,high,low,1,0,1,1,0,0,0,1,Address,1,64,1.0666666666666669,1-2h,1,6,0,3,Success,1124,0,Synced,0,0,1,6,0,high,none,1,Savings,Tablet,B188,3,6,4,1,1,1
TXN0021354,0,1,0,1,1093,2,0,North,1,6,1,high,medium,0,0,0,0,0,0,0,1,PAN,1,184,3.066666666666667,>2h,1,6,0,3,Success,782,0,Synced,0,0,1,6,0,moderate,none,0,Current,Tablet,B138,3,6,3,1,1,0
TXN0035620,1,1,1,1,3112,2,1,North,9,6,1,very_high,medium,1,1,1,0,0,1,1,1,DOB,1,233,3.883333333333333,>2h,9,6,1,3,Failure,4105,1,Failed,1,1,9,6,1,very_high,low,4,Current,Tablet,B561,3,6,9,3,1,1
TXN0096917,0,1,0,0,577,1,0,North,3,6,1,moderate,low,0,0,0,0,0,0,0,1,PAN,1,97,1.6166666666666667,1-2h,3,6,0,3,Success,956,0,Synced,0,0,3,6,0,moderate,none,0,Savings,Mobile,B436,3,6,3,1,0,0
TXN0024038,0,0,0,0,691,1,0,North,16,6,1,moderate,low,0,0,0,0,0,0,0,0,No_Error,0,45,0.75,30-60m,16,6,0,0,Success,599,0,Synced,0,0,16,6,0,moderate,none,0,Savings,Tablet,B513,3,6,0,0,0,0
TXN0049331,0,1,0,0,329,1,0,South,23,6,1,low,low,0,1,0,0,0,0,0,1,DOB,0,77,1.2833333333333334,1-2h,23,6,0,2,Success,950,0,Synced,0,0,23,6,0,moderate,none,0,Current,Mobile,B197,3,6,2,1,0,0
TXN0022877,0,0,0,0,941,1,0,East,1,6,1,moderate,low,0,0,0,0,0,0,0,0,No_Error,0,60,1.0,30-60m,1,6,0,0,Success,497,0,Synced,0,0,1,6,0,low,none,0,Savings,Tablet,B143,3,6,0,0,0,0
TXN0046307,0,1,0,0,311,1,0,West,13,6,1,low,low,0,0,0,0,0,0,1,1,PAN,1,255,4.25,>2h,13,6,0,3,Success,792,0,Synced,0,0,13,6,0,moderate,none,0,Savings,Mobile,B582,3,6,3,1,0,0
TXN0040712,0,1,0,0,1120,1,0,North,5,6,1,high,low,0,0,0,0,0,0,0,1,Address,0,149,2.4833333333333334,>2h,5,6,0,2,Success,1044,0,Synced,0,0,5,6,0,high,none,1,Current,Tablet,B304,3,6,3,1,1,1
TXN0043365,0,0,0,0,223,1,0,South,14,6,1,low,low,0,0,0,1,0,0,0,0,No_Error,0,100,1.6666666666666667,1-2h,14,6,0,1,Success,929,0,Synced,0,0,14,6,0,moderate,none,0,Current,Mobile,B181,3,6,1,0,0,0
TXN0024969,0,0,0,0,853,1,0,North,13,6,1,moderate,low,0,0,0,0,0,0,0,0,No_Error,0,125,2.083333333333333,>2h,13,6,0,1,Success,1064,0,Synced,0,0,13,6,0,high,none,1,Current,Tablet,B257,3,6,2,0,0,1
TXN0019204,0,0,0,0,1068,3,0,East,21,6,1,high,high,1,1,0,0,0,0,0,0,No_Error,0,119,1.9833333333333332,1-2h,21,6,0,1,Success,947,0,Synced,0,0,21,6,0,moderate,none,0,Savings,Tablet,B516,3,6,1,0,1,0
TXN0057633,0,0,0,0,986,1,0,North,7,6,1,moderate,low,0,1,0,0,0,0,0,0,No_Error,0,129,2.15,>2h,7,6,0,1,Success,509,0,Synced,0,0,7,6,0,moderate,none,0,Current,Tablet,B117,3,6,1,0,0,0
TXN0046375,0,0,0,0,878,1,0,West,20,6,1,moderate,low,0,0,0,0,0,0,0,0,No_Error,0,50,0.8333333333333334,30-60m,20,6,0,0,Success,910,0,Synced,0,0,20,6,0,moderate,none,0,Savings,Mobile,B335,3,6,0,0,0,0
TXN0053820,0,1,0,0,635,1,0,North,3,6,1,moderate,low,0,0,0,0,0,0,0,1,DOB,0,149,2.4833333333333334,>2h,3,6,0,2,Success,611,0,Synced,0,0,3,6,0,moderate,none,0,Savings,Mobile,B574,3,6,2,1,0,0
TXN0065026,1,0,0,0,3264,1,1,East,10,6,1,very_high,low,0,1,0,1,0,1,0,0,No_Error,0,170,2.833333333333333,>2h,10,6,1,1,Success,652,0,Synced,0,0,10,6,1,moderate,none,0,Current,Mobile,B137,3,6,3,1,1,0
TXN0016302,0,0,0,0,521,1,0,North,5,6,1,moderate,low,0,0,0,0,0,0,0,0,No_Error,0,157,2.6166666666666667,>2h,5,6,0,1,Success,670,0,Synced,0,0,5,6,0,moderate,none,0,Savings,Tablet,B412,3,6,1,0,0,0
TXN0074133,0,0,0,0,1199,1,0,North,19,6,1,high,low,0,0,0,0,0,0,1,0,No_Error,0,133,2.216666666666667,>2h,19,6,0,1,Success,1165,0,Synced,0,0,19,6,0,high,none,1,Savings,Tablet,B518,3,6,2,0,1,1
TXN0058378,1,0,0,1,686,1,0,West,17,6,1,moderate,low,0,0,0,0,0,0,0,0,No_Error,0,132,2.2,>2h,17,6,0,1,Success,881,0,Synced,0,0,17,6,0,moderate,none,0,Current,Mobile,B587,3,6,1,1,0,0
TXN0095249,1,0,0,0,240,1,0,West,12,6,1,low,low,0,0,0,0,1,0,0,0,No_Error,0,45,0.75,30-60m,12,6,0,0,Success,1079,0,Synced,0,0,12,6,0,high,none,1,Savings,Mobile,B404,3,6,1,1,0,1
TXN0091921,1,0,0,0,820,1,0,West,3,6,1,moderate,low,1,0,0,0,0,0,0,0,No_Error,0,60,1.0,30-60m,3,6,0,0,Success,716,0,Synced,0,0,3,6,0,moderate,none,0,Savings,Tablet,B521,3,6,0,1,0,0
TXN0013471,1,1,0,0,703,2,0,South,6,6,1,moderate,medium,0,1,0,1,0,0,0,1,KYC_ID,0,105,1.75,1-2h,6,6,0,2,Success,476,0,Synced,0,0,6,6,0,low,none,0,Savings,Mobile,B461,3,6,2,2,0,0
TXN0006491,0,1,0,0,542,3,0,East,22,6,1,moderate,high,0,0,0,0,0,0,0,1,DOB,1,83,1.3833333333333333,1-2h,22,6,0,3,Success,832,0,Synced,0,0,22,6,0,moderate,none,0,Current,Tablet,B542,3,6,3,1,0,0
TXN0059741,0,0,0,0,1015,2,0,East,14,6,1,high,medium,1,0,0,0,0,0,0,0,No_Error,0,53,0.8833333333333333,30-60m,14,6,0,0,Success,618,0,Synced,0,0,14,6,0,moderate,none,0,Savings,Tablet,B360,3,6,0,0,1,0
TXN0027697,0,0,0,0,1797,1,1,East,11,6,1,high,low,1,1,0,0,0,0,0,0,No_Error,0,73,1.2166666666666666,1-2h,11,6,1,1,Success,1093,0,Synced,0,0,11,6,1,high,none,1,Savings,Mobile,B240,3,6,4,0,1,1
TXN0004421,0,0,0,0,213,1,0,South,4,6,1,low,low,0,0,0,0,0,0,0,0,No_Error,0,167,2.783333333333333,>2h,4,6,0,1,Success,687,0,Synced,0,0,4,6,0,moderate,none,0,Current,Mobile,B350,3,6,1,0,0,0
TXN0064455,0,0,0,0,855,2,0,South,4,6,1,moderate,medium,0,0,0,0,0,0,0,0,No_Error,0,161,2.683333333333333,>2h,4,6,0,1,Success,311,0,Synced,0,0,4,6,0,low,none,0,Current,Tablet,B505,3,6,1,0,0,0
TXN0037894,0,0,0,0,513,1,0,West,15,6,1,moderate,low,0,0,0,0,0,0,1,0,No_Error,0,176,2.933333333333333,>2h,15,6,0,1,Success,1094,0,Synced,0,0,15,6,0,high,none,1,Savings,Mobile,B344,3,6,2,0,0,1
TXN0097438,1,0,1,1,598,1,0,West,15,6,1,moderate,low,1,0,0,0,0,0,0,0,No_Error,0,82,1.3666666666666667,1-2h,15,6,0,1,Failure,2163,3,Failed,1,1,15,6,0,very_high,high,4,Current,Tablet,B141,3,6,5,2,0,1
TXN0059477,0,0,0,0,788,1,0,East,5,6,1,moderate,low,0,1,0,0,0,0,0,0,No_Error,0,170,2.833333333333333,>2h,5,6,0,1,Success,541,0,Synced,0,0,5,6,0,moderate,none,0,Savings,Mobile,B386,3,6,1,0,0,0
TXN0083932,0,0,0,0,333,1,0,West,15,6,1,low,low,0,0,0,0,0,0,0,0,No_Error,0,71,1.1833333333333331,1-2h,15,6,0,1,Success,1007,0,Synced,0,0,15,6,0,high,none,1,Current,Mobile,B582,3,6,2,0,0,1
TXN0032704,0,0,0,0,657,1,0,West,17,6,1,moderate,low,0,0,0,0,0,0,0,0,No_Error,0,43,0.7166666666666667,30-60m,17,6,0,0,Success,1076,0,Synced,0,0,17,6,0,high,none,1,Current,Tablet,B320,3,6,1,0,0,1
TXN0065083,0,0,1,0,350,1,0,East,0,6,1,low,low,0,0,0,0,0,0,0,0,No_Error,0,5,0.0833333333333333,<=15m,0,6,0,0,Failure,4214,1,Failed,1,0,0,6,0,very_high,low,3,Savings,Tablet,B229,3,6,3,1,0,1
TXN0064659,0,1,0,0,411,1,0,North,19,6,1,low,low,0,1,0,0,0,0,0,1,Address,0,294,4.9,>2h,19,6,0,2,Success,867,0,Synced,0,0,19,6,0,moderate,none,0,Savings,Tablet,B479,3,6,2,1,0,0
TXN0025665,1,1,0,1,2759,1,1,North,11,6,1,very_high,low,0,0,0,0,0,0,1,1,Address,1,239,3.983333333333333,>2h,11,6,1,3,Success,304,0,Synced,0,0,11,6,1,low,none,0,Savings,Tablet,B231,3,6,5,2,1,0
TXN0007320,0,0,0,0,1868,1,1,East,10,6,1,high,low,0,0,0,0,0,0,0,0,No_Error,0,52,0.8666666666666667,30-60m,10,6,1,0,Success,468,0,Synced,0,0,10,6,1,low,none,0,Current,Mobile,B576,3,6,2,0,1,0
TXN0064556,0,0,1,1,318,3,0,North,18,6,1,low,high,0,0,0,0,0,0,0,0,No_Error,0,120,2.0,1-2h,18,6,0,1,Failure,4993,2,Failed,1,1,18,6,0,very_high,medium,4,Current,Mobile,B486,3,6,5,1,0,1
TXN0078646,1,0,0,0,2904,1,1,East,10,6,1,very_high,low,0,1,1,0,0,0,1,0,No_Error,0,56,0.9333333333333332,30-60m,10,6,1,0,Success,351,0,Synced,0,0,10,6,1,low,none,0,Current,Tablet,B312,3,6,2,1,1,0
TXN0098087,1,1,0,1,3476,1,1,East,11,6,1,very_high,low,1,0,0,0,0,1,1,1,DOB,1,120,2.0,1-2h,11,6,1,3,Success,908,0,Synced,0,0,11,6,1,moderate,none,0,Current,Mobile,B251,3,6,5,2,1,0
TXN0020454,0,0,0,0,1074,1,0,West,22,6,1,high,low,0,0,0,0,0,0,0,0,No_Error,0,151,2.5166666666666666,>2h,22,6,0,1,Success,810,0,Synced,0,0,22,6,0,moderate,none,0,Current,Tablet,B449,3,6,1,0,1,0
TXN0062334,0,0,0,0,454,2,0,West,6,6,1,low,medium,0,0,0,0,0,0,0,0,No_Error,0,91,1.5166666666666666,1-2h,6,6,0,1,Success,1189,0,Synced,0,0,6,6,0,high,none,1,Savings,Tablet,B255,3,6,2,0,0,1
TXN0013401,1,0,0,0,957,1,0,South,4,6,1,moderate,low,0,0,0,0,0,0,1,0,No_Error,0,86,1.4333333333333331,1-2h,4,6,0,1,Success,855,0,Synced,0,0,4,6,0,moderate,none,0,Current,Tablet,B234,3,6,1,1,0,0
TXN0003656,0,0,0,0,559,1,0,East,20,6,1,moderate,low,0,0,0,0,0,0,0,0,No_Error,0,146,2.433333333333333,>2h,20,6,0,1,Success,818,0,Synced,0,0,20,6,0,moderate,none,0,Savings,Tablet,B516,3,6,1,0,0,0
TXN0018822,0,1,0,0,895,1,0,South,1,6,1,moderate,low,0,1,0,0,0,0,0,1,Address,1,249,4.15,>2h,1,6,0,3,Success,1114,0,Synced,0,0,1,6,0,high,none,1,Savings,Tablet,B589,3,6,4,1,0,1
TXN0013810,0,0,0,0,673,3,0,North,12,6,1,moderate,high,1,0,0,0,1,0,0,0,No_Error,0,34,0.5666666666666667,30-60m,12,6,0,0,Success,679,0,Synced,0,0,12,6,0,moderate,none,0,Current,Tablet,B208,3,6,0,0,0,0
TXN0088747,0,1,0,0,1011,1,0,South,15,6,1,high,low,1,0,0,0,0,1,0,1,Address,0,110,1.8333333333333333,1-2h,15,6,0,2,Success,490,0,Synced,0,0,15,6,0,low,none,0,Current,Tablet,B412,3,6,2,1,1,0
TXN0019245,0,0,0,0,1141,1,0,North,1,6,1,high,low,0,0,1,0,0,0,0,0,No_Error,0,54,0.9,30-60m,1,6,0,0,Success,575,0,Synced,0,0,1,6,0,moderate,none,0,Current,Mobile,B368,3,6,0,0,1,0
TXN0075267,1,0,0,1,3440,1,1,South,10,6,1,very_high,low,0,1,0,0,0,1,1,0,No_Error,0,123,2.05,>2h,10,6,1,1,Success,577,0,Synced,0,0,10,6,1,moderate,none,0,Savings,Tablet,B566,3,6,3,1,1,0
TXN0077651,1,0,0,1,3895,1,1,South,11,6,1,very_high,low,0,1,1,0,0,0,1,0,No_Error,0,80,1.3333333333333333,1-2h,11,6,1,1,Success,896,0,Synced,0,0,11,6,1,moderate,none,0,Savings,Mobile,B543,3,6,3,1,1,0
TXN0081933,0,0,0,0,451,1,0,East,8,6,1,low,low,0,0,0,0,0,0,1,0,No_Error,0,49,0.8166666666666667,30-60m,8,6,0,0,Success,817,0,Synced,0,0,8,6,0,moderate,none,0,Savings,Tablet,B258,3,6,0,0,0,0
TXN0002357,0,0,0,0,523,1,0,East,7,6,1,moderate,low,0,0,0,0,0,0,0,0,No_Error,0,57,0.95,30-60m,7,6,0,0,Success,736,0,Synced,0,0,7,6,0,moderate,none,0,Savings,Mobile,B520,3,6,0,0,0,0
TXN0032936,0,1,0,0,638,2,0,North,18,6,1,moderate,medium,0,0,0,0,0,0,0,1,Address,1,143,2.3833333333333333,>2h,18,6,0,3,Success,429,0,Synced,0,0,18,6,0,low,none,0,Current,Mobile,B301,3,6,3,1,0,0
TXN0066816,1,0,0,0,724,1,0,East,8,6,1,moderate,low,0,1,0,0,0,0,0,0,No_Error,0,39,0.65,30-60m,8,6,0,0,Success,674,0,Synced,0,0,8,6,0,moderate,none,0,Current,Mobile,B484,3,6,0,1,0,0
TXN0032469,0,1,0,0,1084,1,0,North,18,6,1,high,low,0,0,0,0,0,0,0,1,Address,1,176,2.933333333333333,>2h,18,6,0,3,Success,691,0,Synced,0,0,18,6,0,moderate,none,0,Current,Mobile,B228,3,6,3,1,1,0
TXN0022311,1,0,0,0,478,1,0,South,21,6,1,low,low,0,0,0,0,0,1,0,0,No_Error,0,100,1.6666666666666667,1-2h,21,6,0,1,Success,566,0,Synced,0,0,21,6,0,moderate,none,0,Savings,Mobile,B394,3,6,1,1,0,0
TXN0014181,0,1,0,0,1097,1,0,North,21,6,1,high,low,0,0,0,0,0,0,0,1,DOB,1,94,1.5666666666666669,1-2h,21,6,0,3,Success,1085,0,Synced,0,0,21,6,0,high,none,1,Savings,Tablet,B451,3,6,4,1,1,1
TXN0046818,0,0,0,0,491,1,0,South,0,6,1,low,low,0,0,0,0,0,0,0,0,No_Error,0,98,1.6333333333333333,1-2h,0,6,0,1,Success,929,0,Synced,0,0,0,6,0,moderate,none,0,Savings,Mobile,B544,3,6,1,0,0,0
TXN0077012,0,0,0,1,527,1,0,West,21,6,1,moderate,low,0,1,0,0,0,0,0,0,No_Error,0,175,2.9166666666666665,>2h,21,6,0,1,Success,517,0,Synced,0,0,21,6,0,moderate,none,0,Savings,Mobile,B126,3,6,1,0,0,0
TXN0066644,0,1,0,0,974,1,0,South,3,6,1,moderate,low,0,0,0,0,0,0,0,1,DOB,0,82,1.3666666666666667,1-2h,3,6,0,2,Success,671,0,Synced,0,0,3,6,0,moderate,none,0,Current,Mobile,B190,3,6,2,1,0,0
TXN0092407,0,0,0,0,204,3,0,South,2,6,1,low,high,0,0,0,0,0,0,1,0,No_Error,0,9,0.15,<=15m,2,6,0,0,Success,536,0,Synced,0,0,2,6,0,moderate,none,0,Current,Tablet,B595,3,6,0,0,0,0
TXN0039526,0,0,0,0,293,1,0,West,6,6,1,low,low,0,0,0,0,0,0,0,0,No_Error,0,138,2.3,>2h,6,6,0,1,Success,1124,0,Synced,0,0,6,6,0,high,none,1,Savings,Mobile,B236,3,6,2,0,0,1
TXN0011790,0,0,0,0,396,2,0,West,15,6,1,low,medium,0,0,0,0,0,0,0,0,No_Error,0,18,0.3,15-30m,15,6,0,0,Success,1124,0,Synced,0,0,15,6,0,high,none,1,Current,Tablet,B488,3,6,1,0,0,1
TXN0066485,1,0,0,0,1097,1,0,East,15,6,1,high,low,0,0,0,0,0,0,0,0,No_Error,0,38,0.6333333333333333,30-60m,15,6,0,0,Success,306,0,Synced,0,0,15,6,0,low,none,0,Savings,Mobile,B543,3,6,0,1,1,0
TXN0096311,0,1,0,0,797,1,0,South,21,6,1,moderate,low,0,0,0,0,0,0,0,1,PAN,0,233,3.883333333333333,>2h,21,6,0,2,Success,1082,0,Synced,0,0,21,6,0,high,none,1,Current,Tablet,B315,3,6,3,1,0,1
TXN0055689,1,0,0,0,1060,2,0,East,22,6,1,high,medium,0,0,0,0,0,0,0,0,No_Error,0,24,0.4,15-30m,22,6,0,0,Success,916,0,Synced,0,0,22,6,0,moderate,none,0,Savings,Mobile,B170,3,6,0,1,1,0
TXN0044577,0,0,0,1,632,1,0,West,19,6,1,moderate,low,1,0,0,0,0,0,0,0,No_Error,0,99,1.65,1-2h,19,6,0,1,Success,842,0,Synced,0,0,19,6,0,moderate,none,0,Savings,Mobile,B566,3,6,1,0,0,0
TXN0007067,0,1,0,0,257,1,0,West,5,6,1,low,low,0,0,0,0,0,0,0,1,KYC_ID,0,107,1.7833333333333334,1-2h,5,6,0,2,Success,621,0,Synced,0,0,5,6,0,moderate,none,0,Savings,Tablet,B456,3,6,2,1,0,0
TXN0032159,0,0,0,0,256,2,0,North,19,6,1,low,medium,0,0,0,0,0,0,0,0,No_Error,0,148,2.466666666666667,>2h,19,6,0,1,Success,558,0,Synced,0,0,19,6,0,moderate,none,0,Current,Tablet,B269,3,6,1,0,0,0
TXN0076479,1,0,0,0,2002,1,1,West,9,6,1,very_high,low,0,0,0,0,1,0,0,0,No_Error,0,80,1.3333333333333333,1-2h,9,6,1,1,Success,553,0,Synced,0,0,9,6,1,moderate,none,0,Current,Tablet,B364,3,6,3,1,1,0
TXN0093777,0,1,0,0,1036,1,0,South,17,6,1,high,low,0,0,0,0,0,0,0,1,DOB,0,221,3.683333333333333,>2h,17,6,0,2,Success,501,0,Synced,0,0,17,6,0,moderate,none,0,Savings,Mobile,B449,3,6,2,1,1,0
TXN0062138,0,0,0,0,300,3,0,North,1,6,1,low,high,0,0,0,0,0,0,1,0,No_Error,0,51,0.85,30-60m,1,6,0,0,Success,806,0,Synced,0,0,1,6,0,moderate,none,0,Current,Tablet,B166,3,6,0,0,0,0
TXN0061124,0,0,0,0,484,1,0,West,6,6,1,low,low,0,0,0,0,0,0,0,0,No_Error,0,123,2.05,>2h,6,6,0,1,Success,696,0,Synced,0,0,6,6,0,moderate,none,0,Savings,Tablet,B362,3,6,1,0,0,0
TXN0029951,1,0,0,0,231,1,0,East,15,6,1,low,low,0,0,0,0,0,0,1,0,No_Error,0,59,0.9833333333333332,30-60m,15,6,0,0,Success,577,0,Synced,0,0,15,6,0,moderate,none,0,Savings,Mobile,B180,3,6,0,1,0,0
TXN0000928,0,0,0,0,415,1,0,North,4,6,1,low,low,0,0,0,0,0,0,0,0,No_Error,0,79,1.3166666666666669,1-2h,4,6,0,1,Success,768,0,Synced,0,0,4,6,0,moderate,none,0,Current,Tablet,B475,3,6,1,0,0,0
TXN0084197,0,0,0,0,763,1,0,East,22,6,1,moderate,low,0,0,0,0,0,0,0,0,No_Error,0,145,2.4166666666666665,>2h,22,6,0,1,Success,417,0,Synced,0,0,22,6,0,low,none,0,Savings,Mobile,B361,3,6,1,0,0,0
TXN0055955,1,0,0,1,3367,1,1,East,10,6,1,very_high,low,1,1,0,1,0,1,0,0,No_Error,0,174,2.9,>2h,10,6,1,1,Success,1187,0,Synced,0,0,10,6,1,high,none,1,Savings,Tablet,B483,3,6,4,1,1,1
TXN0097916,0,0,0,1,1562,1,1,South,10,6,1,high,low,1,0,1,0,0,0,0,0,No_Error,0,44,0.7333333333333333,30-60m,10,6,1,0,Success,807,0,Synced,0,0,10,6,1,moderate,none,0,Current,Mobile,B197,3,6,2,0,1,0
TXN0044754,0,0,0,0,772,1,0,South,17,6,1,moderate,low,1,0,0,0,0,0,0,0,No_Error,0,152,2.533333333333333,>2h,17,6,0,1,Success,411,0,Synced,0,0,17,6,0,low,none,0,Current,Mobile,B239,3,6,1,0,0,0
TXN0019554,0,0,0,0,247,2,0,West,3,6,1,low,medium,0,0,0,0,0,0,0,0,No_Error,0,12,0.2,<=15m,3,6,0,0,Success,396,0,Synced,0,0,3,6,0,low,none,0,Current,Mobile,B127,3,6,0,0,0,0
TXN0054825,0,0,1,0,534,1,0,South,1,6,1,moderate,low,0,0,0,0,0,0,0,0,No_Error,0,146,2.433333333333333,>2h,1,6,0,1,Failure,2949,1,Failed,1,1,1,6,0,very_high,low,4,Savings,Tablet,B269,3,6,5,1,0,1
TXN0038033,0,0,0,0,957,2,0,South,0,6,1,moderate,medium,0,0,0,0,0,0,0,0,No_Error,0,101,1.6833333333333331,1-2h,0,6,0,1,Success,999,0,Synced,0,0,0,6,0,moderate,none,0,Savings,Tablet,B373,3,6,1,0,0,0
TXN0076627,1,0,0,0,2118,3,1,East,10,6,1,very_high,high,1,1,0,0,0,1,0,0,No_Error,0,54,0.9,30-60m,10,6,1,0,Success,423,0,Synced,0,0,10,6,1,low,none,0,Savings,Tablet,B189,3,6,2,1,1,0
TXN0004385,0,0,0,0,355,1,0,West,4,6,1,low,low,0,0,0,0,0,0,0,0,No_Error,0,171,2.85,>2h,4,6,0,1,Success,1030,0,Synced,0,0,4,6,0,high,none,1,Savings,Mobile,B470,3,6,2,0,0,1
TXN0038873,0,0,1,0,241,1,0,South,0,6,1,low,low,0,0,1,0,0,0,0,0,No_Error,0,170,2.833333333333333,>2h,0,6,0,1,Failure,4524,1,Failed,1,0,0,6,0,very_high,low,3,Savings,Mobile,B327,3,6,4,1,0,1
TXN0011535,1,0,0,0,2563,1,1,East,10,6,1,very_high,low,1,0,0,0,0,1,0,0,No_Error,0,49,0.8166666666666667,30-60m,10,6,1,0,Success,1084,0,Synced,0,0,10,6,1,high,none,1,Savings,Mobile,B537,3,6,3,1,1,1
TXN0095353,0,0,0,0,693,2,0,East,15,6,1,moderate,medium,0,0,1,0,0,0,0,0,No_Error,0,120,2.0,1-2h,15,6,0,1,Success,385,0,Synced,0,0,15,6,0,low,none,0,Savings,Mobile,B156,3,6,1,0,0,0
TXN0048400,0,0,0,0,235,1,0,East,2,6,1,low,low,1,0,1,0,0,0,0,0,No_Error,0,157,2.6166666666666667,>2h,2,6,0,1,Success,1171,0,Synced,0,0,2,6,0,high,none,1,Savings,Mobile,B516,3,6,2,0,0,1
TXN0008638,0,0,0,0,934,1,0,East,12,6,1,moderate,low,0,0,0,0,0,0,0,0,No_Error,0,18,0.3,15-30m,12,6,0,0,Success,320,0,Synced,0,0,12,6,0,low,none,0,Savings,Mobile,B200,3,6,0,0,0,0
TXN0047493,1,0,0,0,904,2,0,South,13,6,1,moderate,medium,0,1,0,0,0,0,0,0,No_Error,0,120,2.0,1-2h,13,6,0,1,Success,970,0,Synced,0,0,13,6,0,moderate,none,0,Savings,Mobile,B477,3,6,1,1,0,0
TXN0063158,0,1,0,0,324,1,0,North,12,6,1,low,low,0,0,0,0,0,1,0,1,Address,0,122,2.033333333333333,>2h,12,6,0,2,Success,938,0,Synced,0,0,12,6,0,moderate,none,0,Savings,Mobile,B323,3,6,2,1,0,0
TXN0058679,0,0,1,1,825,1,0,North,1,6,1,moderate,low,0,0,0,0,0,0,1,0,No_Error,0,58,0.9666666666666668,30-60m,1,6,0,0,Failure,2756,2,Failed,1,0,1,6,0,very_high,medium,3,Current,Mobile,B205,3,6,3,1,0,1
TXN0042194,0,0,1,1,2236,2,1,West,11,6,1,very_high,medium,0,0,0,1,0,0,0,0,No_Error,0,152,2.533333333333333,>2h,11,6,1,1,Failure,3936,1,Failed,1,1,11,6,1,very_high,low,4,Current,Tablet,B331,3,6,7,1,1,1
TXN0017919,1,0,0,0,935,1,0,North,23,6,1,moderate,low,0,0,0,0,1,0,0,0,No_Error,0,170,2.833333333333333,>2h,23,6,0,1,Success,695,0,Synced,0,0,23,6,0,moderate,none,0,Current,Mobile,B373,3,6,1,1,0,0
TXN0075941,0,0,0,0,2372,1,1,South,9,6,1,very_high,low,0,0,0,0,0,0,0,0,No_Error,0,86,1.4333333333333331,1-2h,9,6,1,1,Success,781,0,Synced,0,0,9,6,1,moderate,none,0,Savings,Tablet,B304,3,6,3,0,1,0
TXN0070547,0,0,0,1,595,2,0,East,1,6,1,moderate,medium,0,0,0,0,0,0,0,0,No_Error,0,5,0.0833333333333333,<=15m,1,6,0,0,Success,539,0,Synced,0,0,1,6,0,moderate,none,0,Current,Mobile,B243,3,6,0,0,0,0
TXN0094194,1,0,0,0,868,3,0,South,3,6,1,moderate,high,0,0,0,0,0,1,0,0,No_Error,0,36,0.6,30-60m,3,6,0,0,Success,910,0,Synced,0,0,3,6,0,moderate,none,0,Current,Tablet,B483,3,6,0,1,0,0
TXN0023141,1,0,1,0,1184,2,0,West,23,6,1,high,medium,1,0,1,0,0,0,0,0,No_Error,0,15,0.25,<=15m,23,6,0,0,Failure,2024,3,Failed,1,1,23,6,0,very_high,high,4,Savings,Mobile,B256,3,6,4,2,1,1
TXN0043761,0,0,0,0,1594,1,1,West,10,6,1,high,low,1,1,1,0,0,0,0,0,No_Error,0,125,2.083333333333333,>2h,10,6,1,1,Success,1078,0,Synced,0,0,10,6,1,high,none,1,Current,Tablet,B475,3,6,4,0,1,1
TXN0004103,0,0,0,1,3694,1,1,West,10,6,1,very_high,low,0,1,0,1,0,1,1,0,No_Error,0,153,2.55,>2h,10,6,1,1,Success,492,0,Synced,0,0,10,6,1,low,none,0,Current,Mobile,B498,3,6,3,0,1,0
TXN0088725,0,0,0,0,595,1,0,West,7,6,1,moderate,low,1,0,0,0,0,0,0,0,No_Error,0,105,1.75,1-2h,7,6,0,1,Success,689,0,Synced,0,0,7,6,0,moderate,none,0,Current,Mobile,B312,3,6,1,0,0,0
TXN0037447,0,0,0,0,242,2,0,North,23,6,1,low,medium,0,0,0,0,0,0,0,0,No_Error,0,145,2.4166666666666665,>2h,23,6,0,1,Success,726,0,Synced,0,0,23,6,0,moderate,none,0,Savings,Mobile,B263,3,6,1,0,0,0
TXN0006748,1,1,0,0,3765,1,1,North,10,6,1,very_high,low,1,0,0,0,0,1,1,1,KYC_ID,0,277,4.616666666666666,>2h,10,6,1,2,Success,837,0,Synced,0,0,10,6,1,moderate,none,0,Current,Mobile,B264,3,6,4,2,1,0
TXN0036464,0,0,0,0,480,1,0,East,19,6,1,low,low,0,0,0,0,0,0,0,0,No_Error,0,141,2.35,>2h,19,6,0,1,Success,1148,0,Synced,0,0,19,6,0,high,none,1,Current,Mobile,B465,3,6,2,0,0,1
TXN0051130,1,1,0,1,1716,3,1,West,11,6,1,high,high,0,0,0,0,0,1,1,1,PAN,0,283,4.716666666666667,>2h,11,6,1,2,Success,496,0,Synced,0,0,11,6,1,low,none,0,Savings,Tablet,B285,3,6,4,2,1,0
TXN0008710,0,1,0,0,627,2,0,South,2,6,1,moderate,medium,0,0,0,0,0,0,0,1,PAN,1,113,1.8833333333333333,1-2h,2,6,0,3,Success,603,0,Synced,0,0,2,6,0,moderate,none,0,Savings,Mobile,B254,3,6,3,1,0,0
TXN0095184,1,0,1,0,906,1,0,West,17,6,1,moderate,low,1,0,0,0,0,0,0,0,No_Error,0,34,0.5666666666666667,30-60m,17,6,0,0,Failure,3297,2,Failed,1,0,17,6,0,very_high,medium,3,Current,Mobile,B285,3,6,3,2,0,1
TXN0068145,0,0,0,0,437,2,0,East,22,6,1,low,medium,0,0,0,0,0,0,0,0,No_Error,0,171,2.85,>2h,22,6,0,1,Success,865,0,Synced,0,0,22,6,0,moderate,none,0,Current,Mobile,B512,3,6,1,0,0,0
TXN0032055,0,0,0,1,614,2,0,North,8,6,1,moderate,medium,0,0,0,0,0,0,0,0,No_Error,0,160,2.6666666666666665,>2h,8,6,0,1,Success,792,0,Synced,0,0,8,6,0,moderate,none,0,Savings,Tablet,B564,3,6,1,0,0,0
TXN0095730,0,0,0,0,1014,1,0,North,5,6,1,high,low,0,0,0,0,0,0,0,0,No_Error,0,135,2.25,>2h,5,6,0,1,Success,711,0,Synced,0,0,5,6,0,moderate,none,0,Savings,Tablet,B391,3,6,1,0,1,0
TXN0048658,1,0,0,1,3868,1,1,West,11,6,1,very_high,low,1,1,0,1,0,1,1,0,No_Error,0,155,2.583333333333333,>2h,11,6,1,1,Success,355,0,Synced,0,0,11,6,1,low,none,0,Current,Tablet,B121,3,6,3,1,1,0
TXN0031595,0,0,0,0,704,1,0,West,1,6,1,moderate,low,0,0,0,0,0,0,0,0,No_Error,0,128,2.1333333333333333,>2h,1,6,0,1,Success,337,0,Synced,0,0,1,6,0,low,none,0,Savings,Mobile,B509,3,6,1,0,0,0
TXN0059277,1,0,0,0,1158,1,0,North,1,6,1,high,low,0,0,0,0,0,0,1,0,No_Error,0,18,0.3,15-30m,1,6,0,0,Success,394,0,Synced,0,0,1,6,0,low,none,0,Savings,Tablet,B528,3,6,0,1,1,0
TXN0033468,1,0,0,1,1155,1,0,North,12,6,1,high,low,0,0,0,0,0,0,1,0,No_Error,0,38,0.6333333333333333,30-60m,12,6,0,0,Success,431,0,Synced,0,0,12,6,0,low,none,0,Current,Mobile,B287,3,6,0,1,1,0
TXN0090528,0,0,0,0,822,2,0,West,15,6,1,moderate,medium,0,0,0,0,0,0,0,0,No_Error,0,14,0.2333333333333333,<=15m,15,6,0,0,Success,1131,0,Synced,0,0,15,6,0,high,none,1,Current,Tablet,B436,3,6,1,0,0,1
TXN0021147,1,0,0,1,877,1,0,North,20,6,1,moderate,low,0,0,0,0,0,0,0,0,No_Error,0,86,1.4333333333333331,1-2h,20,6,0,1,Success,309,0,Synced,0,0,20,6,0,low,none,0,Current,Tablet,B108,3,6,1,1,0,0
TXN0044947,0,0,0,0,200,1,0,East,13,6,1,low,low,0,0,0,0,0,0,0,0,No_Error,0,103,1.7166666666666666,1-2h,13,6,0,1,Success,589,0,Synced,0,0,13,6,0,moderate,none,0,Savings,Mobile,B503,3,6,1,0,0,0
TXN0022230,0,1,0,0,264,2,0,East,1,6,1,low,medium,0,0,0,0,0,0,0,1,DOB,0,288,4.8,>2h,1,6,0,2,Success,1069,0,Synced,0,0,1,6,0,high,none,1,Current,Tablet,B450,3,6,3,1,0,1
TXN0062606,0,0,0,1,826,1,0,East,4,6,1,moderate,low,1,0,0,0,0,0,0,0,No_Error,0,125,2.083333333333333,>2h,4,6,0,1,Success,334,0,Synced,0,0,4,6,0,low,none,0,Savings,Tablet,B179,3,6,1,0,0,0
TXN0011666,0,0,0,0,993,1,0,North,18,6,1,moderate,low,0,0,0,0,0,0,0,0,No_Error,0,33,0.55,30-60m,18,6,0,0,Success,318,0,Synced,0,0,18,6,0,low,none,0,Current,Mobile,B274,3,6,0,0,0,0
TXN0057491,0,1,0,0,304,1,0,South,16,6,1,low,low,0,0,0,0,0,0,0,1,DOB,0,86,1.4333333333333331,1-2h,16,6,0,2,Success,329,0,Synced,0,0,16,6,0,low,none,0,Current,Tablet,B548,3,6,2,1,0,0
TXN0078501,1,0,1,1,2160,3,1,South,9,6,1,very_high,high,0,1,0,0,0,0,1,0,No_Error,0,148,2.466666666666667,>2h,9,6,1,1,Failure,2982,1,Failed,1,0,9,6,1,very_high,low,3,Savings,Tablet,B570,3,6,6,2,1,1
TXN0082149,0,0,0,0,1097,1,0,East,8,6,1,high,low,0,0,0,0,0,0,1,0,No_Error,0,112,1.8666666666666667,1-2h,8,6,0,1,Success,1167,0,Synced,0,0,8,6,0,high,none,1,Current,Mobile,B581,3,6,2,0,1,1
TXN0064982,1,0,0,0,1130,1,0,East,3,6,1,high,low,1,1,0,0,0,0,0,0,No_Error,0,119,1.9833333333333332,1-2h,3,6,0,1,Success,421,0,Synced,0,0,3,6,0,low,none,0,Savings,Tablet,B125,3,6,1,1,1,0
TXN0092982,0,0,0,0,246,1,0,South,6,6,1,low,low,0,0,0,0,0,0,0,0,No_Error,0,38,0.6333333333333333,30-60m,6,6,0,0,Success,966,0,Synced,0,0,6,6,0,moderate,none,0,Current,Mobile,B314,3,6,0,0,0,0
TXN0072890,0,1,0,0,979,1,0,East,4,6,1,moderate,low,0,0,1,0,1,0,0,1,Address,0,172,2.8666666666666667,>2h,4,6,0,2,Success,929,0,Synced,0,0,4,6,0,moderate,none,0,Current,Mobile,B420,3,6,2,1,0,0
TXN0087883,0,0,0,0,912,3,0,South,8,6,1,moderate,high,0,1,0,0,0,0,0,0,No_Error,0,134,2.2333333333333334,>2h,8,6,0,1,Success,571,0,Synced,0,0,8,6,0,moderate,none,0,Current,Mobile,B312,3,6,1,0,0,0
TXN0070005,1,1,0,1,1996,1,1,East,9,6,1,high,low,0,1,0,0,0,0,1,1,PAN,1,156,2.6,>2h,9,6,1,3,Success,848,0,Synced,0,0,9,6,1,moderate,none,0,Savings,Tablet,B107,3,6,5,2,1,0
TXN0028934,1,0,0,0,2088,3,1,South,11,6,1,very_high,high,0,0,0,0,0,0,1,0,No_Error,0,32,0.5333333333333333,30-60m,11,6,1,0,Success,1167,0,Synced,0,0,11,6,1,high,none,1,Savings,Mobile,B519,3,6,3,1,1,1
TXN0000821,0,0,0,0,1004,1,0,North,22,6,1,high,low,0,0,0,0,0,1,0,0,No_Error,0,72,1.2,1-2h,22,6,0,1,Success,924,0,Synced,0,0,22,6,0,moderate,none,0,Savings,Mobile,B215,3,6,1,0,1,0
TXN0071628,0,0,0,0,804,1,0,West,12,6,1,moderate,low,0,0,0,0,0,0,0,0,No_Error,0,111,1.85,1-2h,12,6,0,1,Success,442,0,Synced,0,0,12,6,0,low,none,0,Savings,Tablet,B580,3,6,1,0,0,0
TXN0062214,0,1,0,0,797,2,0,North,3,6,1,moderate,medium,0,0,0,0,1,0,0,1,Address,1,293,4.883333333333334,>2h,3,6,0,3,Success,688,0,Synced,0,0,3,6,0,moderate,none,0,Savings,Mobile,B170,3,6,3,1,0,0
TXN0028342,1,0,0,0,2579,2,1,East,11,6,1,very_high,medium,1,1,0,0,0,1,1,0,No_Error,0,96,1.6,1-2h,11,6,1,1,Success,548,0,Synced,0,0,11,6,1,moderate,none,0,Savings,Mobile,B119,3,6,3,1,1,0
TXN0056745,0,0,0,0,496,1,0,East,22,6,1,low,low,0,0,0,0,0,0,0,0,No_Error,0,148,2.466666666666667,>2h,22,6,0,1,Success,641,0,Synced,0,0,22,6,0,moderate,none,0,Savings,Tablet,B422,3,6,1,0,0,0
TXN0044937,1,0,0,1,2629,1,1,West,11,6,1,very_high,low,0,1,1,0,0,0,0,0,No_Error,0,61,1.0166666666666666,1-2h,11,6,1,1,Success,1171,0,Synced,0,0,11,6,1,high,none,1,Current,Tablet,B436,3,6,4,1,1,1
TXN0031290,0,0,0,0,578,1,0,South,17,6,1,moderate,low,1,0,0,1,0,0,1,0,No_Error,0,22,0.3666666666666666,15-30m,17,6,0,0,Success,1058,0,Synced,0,0,17,6,0,high,none,1,Savings,Mobile,B579,3,6,1,0,0,1
TXN0094922,0,0,0,1,1146,1,0,East,2,6,1,high,low,0,0,0,0,0,1,0,0,No_Error,0,52,0.8666666666666667,30-60m,2,6,0,0,Success,476,0,Synced,0,0,2,6,0,low,none,0,Current,Tablet,B530,3,6,0,0,1,0
TXN0088545,0,0,0,0,1029,1,0,North,3,6,1,high,low,0,0,0,1,0,0,0,0,No_Error,0,135,2.25,>2h,3,6,0,1,Success,741,0,Synced,0,0,3,6,0,moderate,none,0,Current,Mobile,B590,3,6,1,0,1,0
TXN0059569,1,0,0,0,869,3,0,East,22,6,1,moderate,high,0,0,0,0,0,0,0,0,No_Error,0,49,0.8166666666666667,30-60m,22,6,0,0,Success,469,0,Synced,0,0,22,6,0,low,none,0,Current,Tablet,B430,3,6,0,1,0,0
TXN0021437,0,1,0,0,1181,1,0,South,16,6,1,high,low,0,0,0,0,0,1,0,1,KYC_ID,1,162,2.7,>2h,16,6,0,3,Success,988,0,Synced,0,0,16,6,0,moderate,none,0,Current,Mobile,B411,3,6,3,1,1,0
TXN0046863,0,0,0,0,361,1,0,West,21,6,1,low,low,0,0,0,0,0,0,0,0,No_Error,0,48,0.8,30-60m,21,6,0,0,Success,1013,0,Synced,0,0,21,6,0,high,none,1,Current,Mobile,B494,3,6,1,0,0,1
TXN0074342,1,0,0,0,235,1,0,East,0,6,1,low,low,0,0,0,0,0,0,0,0,No_Error,0,10,0.1666666666666666,<=15m,0,6,0,0,Success,991,0,Synced,0,0,0,6,0,moderate,none,0,Current,Mobile,B234,3,6,0,1,0,0
TXN0002999,0,0,0,0,208,2,0,West,14,6,1,low,medium,0,0,0,0,0,0,0,0,No_Error,0,44,0.7333333333333333,30-60m,14,6,0,0,Success,926,0,Synced,0,0,14,6,0,moderate,none,0,Current,Tablet,B254,3,6,0,0,0,0
TXN0081599,0,0,0,1,424,1,0,North,19,6,1,low,low,0,0,0,0,0,0,0,0,No_Error,0,61,1.0166666666666666,1-2h,19,6,0,1,Success,473,0,Synced,0,0,19,6,0,low,none,0,Current,Mobile,B498,3,6,1,0,0,0
TXN0015486,0,0,0,1,649,1,0,North,20,6,1,moderate,low,0,0,0,0,0,0,0,0,No_Error,0,36,0.6,30-60m,20,6,0,0,Success,381,0,Synced,0,0,20,6,0,low,none,0,Savings,Tablet,B516,3,6,0,0,0,0
TXN0095817,0,0,0,0,800,2,0,West,12,6,1,moderate,medium,0,0,0,1,0,0,0,0,No_Error,0,111,1.85,1-2h,12,6,0,1,Success,895,0,Synced,0,0,12,6,0,moderate,none,0,Current,Tablet,B487,3,6,1,0,0,0
TXN0018670,0,0,0,0,323,2,0,South,2,6,1,low,medium,0,0,0,0,0,0,0,0,No_Error,0,81,1.35,1-2h,2,6,0,1,Success,706,0,Synced,0,0,2,6,0,moderate,none,0,Savings,Tablet,B247,3,6,1,0,0,0
TXN0063939,1,0,1,1,858,1,0,East,15,6,1,moderate,low,1,0,0,0,0,0,0,0,No_Error,0,66,1.1,1-2h,15,6,0,1,Failure,2316,2,Failed,1,0,15,6,0,very_high,medium,3,Savings,Tablet,B364,3,6,4,2,0,1
TXN0067048,0,0,0,0,1092,1,0,West,20,6,1,high,low,0,0,0,0,0,0,0,0,No_Error,0,32,0.5333333333333333,30-60m,20,6,0,0,Success,1095,0,Synced,0,0,20,6,0,high,none,1,Current,Mobile,B509,3,6,1,0,1,1
TXN0005718,0,0,0,0,703,1,0,South,3,6,1,moderate,low,0,0,0,0,0,0,0,0,No_Error,0,15,0.25,<=15m,3,6,0,0,Success,588,0,Synced,0,0,3,6,0,moderate,none,0,Savings,Mobile,B554,3,6,0,0,0,0
TXN0042324,0,0,0,0,1181,1,0,South,1,6,1,high,low,0,0,0,0,0,0,1,0,No_Error,0,10,0.1666666666666666,<=15m,1,6,0,0,Success,453,0,Synced,0,0,1,6,0,low,none,0,Current,Mobile,B371,3,6,0,0,1,0
TXN0077753,0,1,0,0,320,3,0,South,20,6,1,low,high,0,0,0,0,0,0,0,1,PAN,1,72,1.2,1-2h,20,6,0,3,Success,622,0,Synced,0,0,20,6,0,moderate,none,0,Savings,Tablet,B285,3,6,3,1,0,0
TXN0066632,0,1,1,0,365,3,0,West,16,6,1,low,high,0,0,1,0,0,0,0,1,KYC_ID,1,157,2.6166666666666667,>2h,16,6,0,3,Failure,4424,1,Failed,1,1,16,6,0,very_high,low,4,Current,Mobile,B136,3,6,7,2,0,1
TXN0016624,1,0,0,1,2473,1,1,South,9,6,1,very_high,low,1,0,0,1,0,0,0,0,No_Error,0,85,1.4166666666666667,1-2h,9,6,1,1,Success,938,0,Synced,0,0,9,6,1,moderate,none,0,Savings,Mobile,B331,3,6,3,1,1,0
TXN0048808,1,0,0,0,1850,3,1,South,11,6,1,high,high,1,1,0,0,0,1,1,0,No_Error,0,56,0.9333333333333332,30-60m,11,6,1,0,Success,599,0,Synced,0,0,11,6,1,moderate,none,0,Current,Tablet,B429,3,6,2,1,1,0
TXN0047810,0,0,0,0,316,1,0,North,18,6,1,low,low,0,0,0,0,0,0,0,0,No_Error,0,64,1.0666666666666669,1-2h,18,6,0,1,Success,300,0,Synced,0,0,18,6,0,low,none,0,Savings,Tablet,B396,3,6,1,0,0,0
TXN0030850,0,0,0,0,2135,1,1,East,10,6,1,very_high,low,1,0,0,0,0,0,1,0,No_Error,0,64,1.0666666666666669,1-2h,10,6,1,1,Success,838,0,Synced,0,0,10,6,1,moderate,none,0,Current,Tablet,B422,3,6,3,0,1,0
TXN0094737,0,1,0,0,575,1,0,West,13,6,1,moderate,low,0,0,0,0,0,0,0,1,Address,1,282,4.7,>2h,13,6,0,3,Success,1094,0,Synced,0,0,13,6,0,high,none,1,Current,Tablet,B200,3,6,4,1,0,1
TXN0027964,0,0,0,0,1061,1,0,East,5,6,1,high,low,0,0,0,0,0,0,0,0,No_Error,0,17,0.2833333333333333,15-30m,5,6,0,0,Success,1014,0,Synced,0,0,5,6,0,high,none,1,Savings,Mobile,B470,3,6,1,0,1,1
TXN0073056,0,0,0,0,846,1,0,West,19,6,1,moderate,low,0,0,0,0,0,0,0,0,No_Error,0,16,0.2666666666666666,15-30m,19,6,0,0,Success,765,0,Synced,0,0,19,6,0,moderate,none,0,Current,Mobile,B439,3,6,0,0,0,0
TXN0034371,0,0,0,0,418,1,0,North,1,6,1,low,low,0,0,0,0,0,0,0,0,No_Error,0,157,2.6166666666666667,>2h,1,6,0,1,Success,739,0,Synced,0,0,1,6,0,moderate,none,0,Savings,Mobile,B486,3,6,1,0,0,0
TXN0049049,1,0,0,1,383,2,0,North,21,6,1,low,medium,0,0,0,0,0,0,1,0,No_Error,0,172,2.8666666666666667,>2h,21,6,0,1,Success,724,0,Synced,0,0,21,6,0,moderate,none,0,Savings,Mobile,B164,3,6,1,1,0,0
TXN0063801,0,0,0,0,1089,1,0,South,3,6,1,high,low,1,0,0,0,0,0,0,0,No_Error,0,150,2.5,>2h,3,6,0,1,Success,1158,0,Synced,0,0,3,6,0,high,none,1,Current,Tablet,B194,3,6,2,0,1,1
TXN0006151,0,0,0,0,261,1,0,South,21,6,1,low,low,0,0,0,0,0,0,0,0,No_Error,0,97,1.6166666666666667,1-2h,21,6,0,1,Success,426,0,Synced,0,0,21,6,0,low,none,0,Current,Tablet,B433,3,6,1,0,0,0
TXN0079330,0,0,0,0,822,1,0,East,17,6,1,moderate,low,0,0,0,0,0,0,0,0,No_Error,0,166,2.7666666666666666,>2h,17,6,0,1,Success,716,0,Synced,0,0,17,6,0,moderate,none,0,Savings,Mobile,B246,3,6,1,0,0,0
TXN0011746,0,0,0,0,824,1,0,West,17,6,1,moderate,low,0,0,0,0,0,0,0,0,No_Error,0,179,2.9833333333333334,>2h,17,6,0,1,Success,940,0,Synced,0,0,17,6,0,moderate,none,0,Savings,Mobile,B376,3,6,1,0,0,0
TXN0040979,0,0,0,0,702,1,0,East,18,6,1,moderate,low,0,0,0,0,0,0,0,0,No_Error,0,122,2.033333333333333,>2h,18,6,0,1,Success,308,0,Synced,0,0,18,6,0,low,none,0,Savings,Tablet,B102,3,6,1,0,0,0
TXN0055882,0,0,0,0,929,2,0,East,20,6,1,moderate,medium,0,0,0,1,0,0,0,0,No_Error,0,101,1.6833333333333331,1-2h,20,6,0,1,Success,321,0,Synced,0,0,20,6,0,low,none,0,Savings,Tablet,B126,3,6,1,0,0,0
TXN0041651,1,0,0,1,2796,1,1,North,10,6,1,very_high,low,0,0,0,0,0,0,1,0,No_Error,0,177,2.95,>2h,10,6,1,1,Success,1041,0,Synced,0,0,10,6,1,high,none,1,Savings,Mobile,B449,3,6,4,1,1,1
TXN0048293,0,0,0,0,1187,1,0,South,18,6,1,high,low,0,1,0,0,0,0,0,0,No_Error,0,129,2.15,>2h,18,6,0,1,Success,547,0,Synced,0,0,18,6,0,moderate,none,0,Current,Tablet,B577,3,6,1,0,1,0
TXN0035029,0,0,0,0,1133,1,0,North,0,6,1,high,low,0,0,0,0,0,1,0,0,No_Error,0,109,1.8166666666666669,1-2h,0,6,0,1,Success,394,0,Synced,0,0,0,6,0,low,none,0,Current,Tablet,B254,3,6,1,0,1,0
TXN0066096,0,0,0,0,1078,2,0,East,2,6,1,high,medium,0,0,0,0,0,0,0,0,No_Error,0,151,2.5166666666666666,>2h,2,6,0,1,Success,947,0,Synced,0,0,2,6,0,moderate,none,0,Savings,Tablet,B209,3,6,1,0,1,0
TXN0015517,0,0,0,0,649,1,0,East,20,6,1,moderate,low,0,0,0,0,0,0,0,0,No_Error,0,144,2.4,>2h,20,6,0,1,Success,790,0,Synced,0,0,20,6,0,moderate,none,0,Savings,Mobile,B554,3,6,1,0,0,0
TXN0058305,1,0,0,1,3287,1,1,North,9,6,1,very_high,low,1,1,0,0,0,1,1,0,No_Error,0,176,2.933333333333333,>2h,9,6,1,1,Success,407,0,Synced,0,0,9,6,1,low,none,0,Current,Mobile,B336,3,6,3,1,1,0
TXN0038542,0,0,0,0,267,1,0,North,19,6,1,low,low,0,0,0,0,0,0,0,0,No_Error,0,12,0.2,<=15m,19,6,0,0,Success,951,0,Synced,0,0,19,6,0,moderate,none,0,Current,Mobile,B266,3,6,0,0,0,0
TXN0038944,0,1,0,0,919,1,0,South,0,6,1,moderate,low,0,0,0,0,0,0,0,1,PAN,0,193,3.216666666666667,>2h,0,6,0,2,Success,1090,0,Synced,0,0,0,6,0,high,none,1,Savings,Tablet,B585,3,6,3,1,0,1
TXN0047048,0,0,0,0,1187,1,0,East,8,6,1,high,low,0,0,1,0,0,0,0,0,No_Error,0,131,2.183333333333333,>2h,8,6,0,1,Success,514,0,Synced,0,0,8,6,0,moderate,none,0,Current,Tablet,B368,3,6,1,0,1,0
TXN0060393,0,0,0,0,791,1,0,South,14,6,1,moderate,low,0,0,0,0,0,0,0,0,No_Error,0,80,1.3333333333333333,1-2h,14,6,0,1,Success,367,0,Synced,0,0,14,6,0,low,none,0,Savings,Mobile,B542,3,6,1,0,0,0
TXN0047190,0,0,0,1,1159,1,0,East,5,6,1,high,low,0,0,1,0,0,0,0,0,No_Error,0,162,2.7,>2h,5,6,0,1,Success,861,0,Synced,0,0,5,6,0,moderate,none,0,Savings,Tablet,B331,3,6,1,0,1,0
TXN0063213,1,0,0,0,1123,1,0,North,7,6,1,high,low,0,0,0,0,1,1,0,0,No_Error,0,156,2.6,>2h,7,6,0,1,Success,662,0,Synced,0,0,7,6,0,moderate,none,0,Current,Tablet,B137,3,6,1,1,1,0
TXN0062366,1,1,0,1,827,3,0,South,19,6,1,moderate,high,0,0,0,0,0,0,0,1,PAN,1,103,1.7166666666666666,1-2h,19,6,0,3,Success,538,0,Synced,0,0,19,6,0,moderate,none,0,Current,Tablet,B582,3,6,3,2,0,0
TXN0032257,0,0,1,0,709,1,0,West,20,6,1,moderate,low,0,0,0,0,0,0,0,0,No_Error,0,143,2.3833333333333333,>2h,20,6,0,1,Failure,2292,2,Failed,1,1,20,6,0,very_high,medium,4,Current,Mobile,B106,3,6,5,1,0,1
TXN0097316,0,0,0,0,531,3,0,North,2,6,1,moderate,high,0,0,0,0,0,0,1,0,No_Error,0,122,2.033333333333333,>2h,2,6,0,1,Success,1102,0,Synced,0,0,2,6,0,high,none,1,Savings,Tablet,B423,3,6,2,0,0,1
TXN0043106,0,0,0,0,615,1,0,East,6,6,1,moderate,low,0,0,0,0,0,0,0,0,No_Error,0,22,0.3666666666666666,15-30m,6,6,0,0,Success,648,0,Synced,0,0,6,6,0,moderate,none,0,Current,Tablet,B167,3,6,0,0,0,0
TXN0056421,0,0,0,0,952,1,0,East,23,6,1,moderate,low,1,0,0,0,0,0,0,0,No_Error,0,12,0.2,<=15m,23,6,0,0,Success,646,0,Synced,0,0,23,6,0,moderate,none,0,Savings,Tablet,B133,3,6,0,0,0,0
TXN0076873,1,0,0,0,990,1,0,South,8,6,1,moderate,low,0,1,0,0,1,0,0,0,No_Error,0,37,0.6166666666666667,30-60m,8,6,0,0,Success,562,0,Synced,0,0,8,6,0,moderate,none,0,Savings,Tablet,B102,3,6,0,1,0,0
TXN0035452,0,0,0,1,516,1,0,West,15,6,1,moderate,low,0,1,0,0,0,0,0,0,No_Error,0,34,0.5666666666666667,30-60m,15,6,0,0,Success,482,0,Synced,0,0,15,6,0,low,none,0,Savings,Tablet,B275,3,6,0,0,0,0
TXN0002954,0,0,0,0,831,1,0,West,8,6,1,moderate,low,0,0,0,0,1,0,1,0,No_Error,0,115,1.9166666666666667,1-2h,8,6,0,1,Success,1172,0,Synced,0,0,8,6,0,high,none,1,Savings,Mobile,B307,3,6,2,0,0,1
TXN0014087,0,1,0,0,964,1,0,West,1,6,1,moderate,low,0,0,0,0,0,0,1,1,Address,1,278,4.633333333333334,>2h,1,6,0,3,Success,479,0,Synced,0,0,1,6,0,low,none,0,Savings,Mobile,B461,3,6,3,1,0,0
TXN0093963,0,0,0,0,243,1,0,West,4,6,1,low,low,1,0,0,0,0,0,0,0,No_Error,0,103,1.7166666666666666,1-2h,4,6,0,1,Success,842,0,Synced,0,0,4,6,0,moderate,none,0,Savings,Tablet,B105,3,6,1,0,0,0
TXN0038535,0,0,0,0,822,1,0,East,3,6,1,moderate,low,0,0,0,0,0,0,0,0,No_Error,0,99,1.65,1-2h,3,6,0,1,Success,587,0,Synced,0,0,3,6,0,moderate,none,0,Savings,Mobile,B198,3,6,1,0,0,0
TXN0071586,0,0,0,0,461,1,0,West,14,6,1,low,low,0,0,0,0,0,0,0,0,No_Error,0,41,0.6833333333333333,30-60m,14,6,0,0,Success,837,0,Synced,0,0,14,6,0,moderate,none,0,Savings,Mobile,B181,3,6,0,0,0,0
TXN0032770,0,1,0,1,999,1,0,East,18,6,1,moderate,low,0,0,0,0,0,1,0,1,Address,1,235,3.9166666666666665,>2h,18,6,0,3,Success,905,0,Synced,0,0,18,6,0,moderate,none,0,Savings,Mobile,B139,3,6,3,1,0,0
TXN0018804,0,0,0,1,370,1,0,West,21,6,1,low,low,0,0,0,0,0,0,0,0,No_Error,0,14,0.2333333333333333,<=15m,21,6,0,0,Success,708,0,Synced,0,0,21,6,0,moderate,none,0,Current,Mobile,B505,3,6,0,0,0,0
TXN0075112,0,0,0,0,966,1,0,South,2,6,1,moderate,low,0,0,0,0,0,0,0,0,No_Error,0,177,2.95,>2h,2,6,0,1,Success,499,0,Synced,0,0,2,6,0,low,none,0,Current,Mobile,B156,3,6,1,0,0,0
TXN0000502,0,0,0,0,1167,3,0,West,20,6,1,high,high,1,0,0,0,0,0,0,0,No_Error,0,30,0.5,15-30m,20,6,0,0,Success,655,0,Synced,0,0,20,6,0,moderate,none,0,Current,Tablet,B127,3,6,0,0,1,0
TXN0014009,1,0,0,1,983,1,0,West,19,6,1,moderate,low,0,1,0,0,0,0,0,0,No_Error,0,53,0.8833333333333333,30-60m,19,6,0,0,Success,813,0,Synced,0,0,19,6,0,moderate,none,0,Current,Tablet,B325,3,6,0,1,0,0
TXN0097287,0,0,0,0,430,1,0,North,4,6,1,low,low,0,0,0,0,0,0,0,0,No_Error,0,39,0.65,30-60m,4,6,0,0,Success,556,0,Synced,0,0,4,6,0,moderate,none,0,Current,Tablet,B138,3,6,0,0,0,0
TXN0080708,1,0,0,1,3629,3,1,South,10,6,1,very_high,high,1,0,0,1,0,1,1,0,No_Error,0,176,2.933333333333333,>2h,10,6,1,1,Success,642,0,Synced,0,0,10,6,1,moderate,none,0,Current,Tablet,B394,3,6,3,1,1,0
TXN0089456,0,0,0,0,583,1,0,South,4,6,1,moderate,low,0,0,0,0,0,0,0,0,No_Error,0,7,0.1166666666666666,<=15m,4,6,0,0,Success,1083,0,Synced,0,0,4,6,0,high,none,1,Current,Tablet,B235,3,6,1,0,0,1
TXN0010981,0,1,0,0,508,2,0,East,7,6,1,moderate,medium,0,0,0,0,0,0,0,1,Address,0,95,1.5833333333333333,1-2h,7,6,0,2,Success,343,0,Synced,0,0,7,6,0,low,none,0,Savings,Mobile,B192,3,6,2,1,0,0
TXN0089938,0,1,0,0,257,1,0,East,12,6,1,low,low,0,0,0,0,0,0,0,1,DOB,1,222,3.7,>2h,12,6,0,3,Success,632,0,Synced,0,0,12,6,0,moderate,none,0,Current,Tablet,B244,3,6,3,1,0,0
TXN0034273,1,0,0,0,3814,1,1,North,10,6,1,very_high,low,0,1,0,0,0,1,1,0,No_Error,0,52,0.8666666666666667,30-60m,10,6,1,0,Success,1184,0,Synced,0,0,10,6,1,high,none,1,Savings,Tablet,B158,3,6,3,1,1,1
TXN0063764,0,1,0,0,475,1,0,West,20,6,1,low,low,0,0,0,0,0,0,1,1,DOB,0,273,4.55,>2h,20,6,0,2,Success,414,0,Synced,0,0,20,6,0,low,none,0,Current,Tablet,B506,3,6,2,1,0,0
TXN0023598,1,1,0,1,1537,2,1,East,10,6,1,high,medium,0,0,0,1,0,0,0,1,PAN,1,244,4.066666666666666,>2h,10,6,1,3,Success,813,0,Synced,0,0,10,6,1,moderate,none,0,Current,Tablet,B396,3,6,5,2,1,0
TXN0060781,0,0,0,0,534,1,0,East,7,6,1,moderate,low,0,0,0,0,0,0,0,0,No_Error,0,175,2.9166666666666665,>2h,7,6,0,1,Success,807,0,Synced,0,0,7,6,0,moderate,none,0,Current,Tablet,B408,3,6,1,0,0,0
TXN0053468,0,1,0,1,296,1,0,South,23,6,1,low,low,0,1,0,0,0,0,0,1,DOB,0,215,3.583333333333333,>2h,23,6,0,2,Success,953,0,Synced,0,0,23,6,0,moderate,none,0,Current,Mobile,B477,3,6,2,1,0,0
TXN0088133,0,1,0,0,779,1,0,North,12,6,1,moderate,low,1,0,0,0,0,0,0,1,KYC_ID,0,99,1.65,1-2h,12,6,0,2,Success,841,0,Synced,0,0,12,6,0,moderate,none,0,Current,Tablet,B555,3,6,2,1,0,0
TXN0028862,0,0,0,0,1008,1,0,West,20,6,1,high,low,0,0,0,0,0,0,0,0,No_Error,0,178,2.966666666666667,>2h,20,6,0,1,Success,458,0,Synced,0,0,20,6,0,low,none,0,Current,Tablet,B248,3,6,1,0,1,0
TXN0063085,0,0,0,1,887,1,0,South,6,6,1,moderate,low,0,0,0,0,0,0,0,0,No_Error,0,120,2.0,1-2h,6,6,0,1,Success,1009,0,Synced,0,0,6,6,0,high,none,1,Current,Tablet,B516,3,6,2,0,0,1
TXN0043707,0,0,0,0,1144,1,0,South,0,6,1,high,low,0,0,0,0,0,0,0,0,No_Error,0,149,2.4833333333333334,>2h,0,6,0,1,Success,941,0,Synced,0,0,0,6,0,moderate,none,0,Current,Mobile,B558,3,6,1,0,1,0
TXN0081649,0,0,0,0,1137,1,0,South,22,6,1,high,low,0,0,1,0,0,0,0,0,No_Error,0,129,2.15,>2h,22,6,0,1,Success,593,0,Synced,0,0,22,6,0,moderate,none,0,Savings,Mobile,B524,3,6,1,0,1,0
TXN0069871,0,0,0,0,925,2,0,North,22,6,1,moderate,medium,0,0,0,0,0,0,0,0,No_Error,0,54,0.9,30-60m,22,6,0,0,Success,1111,0,Synced,0,0,22,6,0,high,none,1,Current,Tablet,B508,3,6,1,0,0,1
TXN0011150,0,0,0,1,609,1,0,South,5,6,1,moderate,low,0,0,0,0,0,0,0,0,No_Error,0,6,0.1,<=15m,5,6,0,0,Success,673,0,Synced,0,0,5,6,0,moderate,none,0,Savings,Mobile,B445,3,6,0,0,0,0
TXN0020237,0,1,0,1,994,1,0,West,5,6,1,moderate,low,0,0,0,0,0,0,0,1,Address,1,256,4.266666666666667,>2h,5,6,0,3,Success,913,0,Synced,0,0,5,6,0,moderate,none,0,Current,Mobile,B347,3,6,3,1,0,0
TXN0055583,0,0,0,0,1097,1,0,North,14,6,1,high,low,0,0,0,0,1,0,0,0,No_Error,0,42,0.7,30-60m,14,6,0,0,Success,1145,0,Synced,0,0,14,6,0,high,none,1,Savings,Tablet,B112,3,6,1,0,1,1
TXN0006396,1,0,0,0,1041,2,0,East,0,6,1,high,medium,1,0,0,0,0,0,0,0,No_Error,0,55,0.9166666666666666,30-60m,0,6,0,0,Success,716,0,Synced,0,0,0,6,0,moderate,none,0,Current,Tablet,B561,3,6,0,1,1,0
TXN0039233,0,0,0,0,3197,1,1,West,9,6,1,very_high,low,1,1,1,0,0,0,1,0,No_Error,0,10,0.1666666666666666,<=15m,9,6,1,0,Success,1014,0,Synced,0,0,9,6,1,high,none,1,Current,Tablet,B224,3,6,3,0,1,1
TXN0056415,0,0,0,0,701,1,0,North,21,6,1,moderate,low,1,0,0,0,0,0,0,0,No_Error,0,40,0.6666666666666666,30-60m,21,6,0,0,Success,658,0,Synced,0,0,21,6,0,moderate,none,0,Savings,Mobile,B165,3,6,0,0,0,0
TXN0080104,0,0,0,0,671,2,0,West,2,6,1,moderate,medium,0,0,0,0,0,0,0,0,No_Error,0,72,1.2,1-2h,2,6,0,1,Success,1185,0,Synced,0,0,2,6,0,high,none,1,Current,Tablet,B454,3,6,2,0,0,1
TXN0007519,0,0,0,0,1140,1,0,West,2,6,1,high,low,1,0,0,0,0,1,0,0,No_Error,0,42,0.7,30-60m,2,6,0,0,Success,921,0,Synced,0,0,2,6,0,moderate,none,0,Current,Tablet,B554,3,6,0,0,1,0
TXN0039858,0,0,0,0,375,1,0,North,22,6,1,low,low,0,0,0,0,0,0,0,0,No_Error,0,60,1.0,30-60m,22,6,0,0,Success,858,0,Synced,0,0,22,6,0,moderate,none,0,Savings,Mobile,B247,3,6,0,0,0,0
TXN0054420,0,0,0,0,463,1,0,North,5,6,1,low,low,0,1,0,0,0,0,0,0,No_Error,0,55,0.9166666666666666,30-60m,5,6,0,0,Success,446,0,Synced,0,0,5,6,0,low,none,0,Savings,Mobile,B507,3,6,0,0,0,0
TXN0091455,0,0,0,0,377,1,0,West,19,6,1,low,low,0,0,0,0,0,0,0,0,No_Error,0,153,2.55,>2h,19,6,0,1,Success,695,0,Synced,0,0,19,6,0,moderate,none,0,Savings,Tablet,B476,3,6,1,0,0,0
TXN0001463,0,0,0,0,680,1,0,East,4,6,1,moderate,low,0,1,0,0,1,0,0,0,No_Error,0,159,2.65,>2h,4,6,0,1,Success,765,0,Synced,0,0,4,6,0,moderate,none,0,Savings,Mobile,B430,3,6,1,0,0,0
TXN0056201,1,0,0,0,1583,1,1,South,11,6,1,high,low,1,1,0,0,0,0,0,0,No_Error,0,157,2.6166666666666667,>2h,11,6,1,1,Success,740,0,Synced,0,0,11,6,1,moderate,none,0,Current,Tablet,B593,3,6,3,1,1,0
TXN0023973,0,0,0,0,899,2,0,East,13,6,1,moderate,medium,0,0,0,0,0,0,0,0,No_Error,0,143,2.3833333333333333,>2h,13,6,0,1,Success,1072,0,Synced,0,0,13,6,0,high,none,1,Current,Tablet,B586,3,6,2,0,0,1
TXN0040306,0,0,0,0,418,1,0,South,16,6,1,low,low,0,0,0,0,0,0,0,0,No_Error,0,52,0.8666666666666667,30-60m,16,6,0,0,Success,317,0,Synced,0,0,16,6,0,low,none,0,Current,Mobile,B316,3,6,0,0,0,0
TXN0038350,0,1,0,1,293,1,0,South,0,6,1,low,low,0,0,0,0,0,0,0,1,Address,1,65,1.0833333333333333,1-2h,0,6,0,3,Success,742,0,Synced,0,0,0,6,0,moderate,none,0,Savings,Tablet,B434,3,6,3,1,0,0
TXN0080697,0,0,0,0,385,1,0,South,1,6,1,low,low,0,0,0,0,0,0,0,0,No_Error,0,109,1.8166666666666669,1-2h,1,6,0,1,Success,586,0,Synced,0,0,1,6,0,moderate,none,0,Current,Mobile,B583,3,6,1,0,0,0
TXN0008069,0,0,0,0,291,1,0,West,12,6,1,low,low,0,0,0,0,0,1,0,0,No_Error,0,48,0.8,30-60m,12,6,0,0,Success,677,0,Synced,0,0,12,6,0,moderate,none,0,Current,Tablet,B520,3,6,0,0,0,0
TXN0060249,0,0,0,0,541,1,0,East,5,6,1,moderate,low,1,0,1,1,0,0,0,0,No_Error,0,32,0.5333333333333333,30-60m,5,6,0,0,Success,566,0,Synced,0,0,5,6,0,moderate,none,0,Current,Tablet,B443,3,6,0,0,0,0
TXN0052585,0,0,1,0,1094,2,0,West,0,6,1,high,medium,0,0,0,0,0,0,0,0,No_Error,0,128,2.1333333333333333,>2h,0,6,0,1,Failure,3509,3,Failed,1,1,0,6,0,very_high,high,4,Savings,Mobile,B591,3,6,5,1,1,1
TXN0045794,0,1,0,0,284,1,0,East,3,6,1,low,low,0,0,0,0,0,0,0,1,DOB,1,70,1.1666666666666667,1-2h,3,6,0,3,Success,370,0,Synced,0,0,3,6,0,low,none,0,Current,Tablet,B297,3,6,3,1,0,0
TXN0086238,0,0,0,0,728,2,0,East,3,6,1,moderate,medium,0,0,0,0,0,0,0,0,No_Error,0,135,2.25,>2h,3,6,0,1,Success,556,0,Synced,0,0,3,6,0,moderate,none,0,Current,Tablet,B222,3,6,1,0,0,0
TXN0067153,1,0,0,0,2998,1,1,West,9,6,1,very_high,low,0,0,0,0,0,1,1,0,No_Error,0,58,0.9666666666666668,30-60m,9,6,1,0,Success,414,0,Synced,0,0,9,6,1,low,none,0,Current,Tablet,B103,3,6,2,1,1,0
TXN0085450,1,0,0,0,913,1,0,North,23,6,1,moderate,low,0,0,0,0,0,0,0,0,No_Error,0,164,2.7333333333333334,>2h,23,6,0,1,Success,1118,0,Synced,0,0,23,6,0,high,none,1,Current,Tablet,B250,3,6,2,1,0,1
TXN0035514,0,1,0,0,1656,1,1,North,11,6,1,high,low,0,0,0,0,0,0,0,1,PAN,1,181,3.0166666666666666,>2h,11,6,1,3,Success,334,0,Synced,0,0,11,6,1,low,none,0,Savings,Mobile,B402,3,6,5,1,1,0
TXN0023277,0,1,0,1,667,1,0,South,13,6,1,moderate,low,0,0,0,0,0,0,0,1,PAN,0,276,4.6,>2h,13,6,0,2,Success,1073,0,Synced,0,0,13,6,0,high,none,1,Current,Tablet,B202,3,6,3,1,0,1
TXN0051629,0,1,0,0,932,1,0,East,8,6,1,moderate,low,0,0,0,0,0,0,0,1,PAN,1,290,4.833333333333333,>2h,8,6,0,3,Success,882,0,Synced,0,0,8,6,0,moderate,none,0,Current,Mobile,B247,3,6,3,1,0,0
TXN0096701,0,0,0,0,564,1,0,North,15,6,1,moderate,low,0,0,0,0,1,0,0,0,No_Error,0,170,2.833333333333333,>2h,15,6,0,1,Success,598,0,Synced,0,0,15,6,0,moderate,none,0,Current,Tablet,B528,3,6,1,0,0,0
TXN0001572,0,0,1,0,350,2,0,North,20,6,1,low,medium,0,0,0,0,0,0,0,0,No_Error,0,69,1.15,1-2h,20,6,0,1,Failure,3256,1,Failed,1,1,20,6,0,very_high,low,4,Current,Mobile,B190,3,6,5,1,0,1
TXN0078988,0,0,0,0,215,3,0,North,1,6,1,low,high,0,0,0,0,0,0,0,0,No_Error,0,43,0.7166666666666667,30-60m,1,6,0,0,Success,551,0,Synced,0,0,1,6,0,moderate,none,0,Current,Tablet,B507,3,6,0,0,0,0
TXN0025467,0,0,0,0,658,1,0,South,13,6,1,moderate,low,0,1,0,0,0,0,0,0,No_Error,0,120,2.0,1-2h,13,6,0,1,Success,610,0,Synced,0,0,13,6,0,moderate,none,0,Savings,Mobile,B258,3,6,1,0,0,0
TXN0039078,1,0,0,1,1547,1,1,North,11,6,1,high,low,0,0,0,0,0,0,0,0,No_Error,0,26,0.4333333333333333,15-30m,11,6,1,0,Success,496,0,Synced,0,0,11,6,1,low,none,0,Savings,Tablet,B377,3,6,2,1,1,0
TXN0073107,0,0,0,0,310,2,0,East,23,6,1,low,medium,0,0,0,0,0,0,0,0,No_Error,0,71,1.1833333333333331,1-2h,23,6,0,1,Success,1165,0,Synced,0,0,23,6,0,high,none,1,Current,Tablet,B498,3,6,2,0,0,1
TXN0001549,0,0,0,0,244,2,0,East,3,6,1,low,medium,0,1,0,0,0,0,0,0,No_Error,0,125,2.083333333333333,>2h,3,6,0,1,Success,583,0,Synced,0,0,3,6,0,moderate,none,0,Current,Tablet,B181,3,6,1,0,0,0
TXN0001318,0,1,0,0,974,2,0,East,15,6,1,moderate,medium,0,1,0,0,0,0,0,1,KYC_ID,1,94,1.5666666666666669,1-2h,15,6,0,3,Success,324,0,Synced,0,0,15,6,0,low,none,0,Current,Tablet,B542,3,6,3,1,0,0
TXN0035456,0,0,0,0,1041,1,0,South,5,6,1,high,low,0,0,1,0,0,0,0,0,No_Error,0,39,0.65,30-60m,5,6,0,0,Success,1002,0,Synced,0,0,5,6,0,high,none,1,Savings,Tablet,B429,3,6,1,0,1,1
TXN0014424,0,0,0,0,877,1,0,South,21,6,1,moderate,low,0,0,0,0,0,0,1,0,No_Error,0,59,0.9833333333333332,30-60m,21,6,0,0,Success,1015,0,Synced,0,0,21,6,0,high,none,1,Current,Tablet,B575,3,6,1,0,0,1
TXN0007862,0,0,0,1,1160,1,0,West,6,6,1,high,low,0,0,0,0,0,0,0,0,No_Error,0,159,2.65,>2h,6,6,0,1,Success,434,0,Synced,0,0,6,6,0,low,none,0,Savings,Mobile,B326,3,6,1,0,1,0
TXN0041406,0,0,1,0,976,1,0,West,13,6,1,moderate,low,0,0,0,0,0,0,0,0,No_Error,0,66,1.1,1-2h,13,6,0,1,Failure,2251,3,Failed,1,0,13,6,0,very_high,high,3,Current,Tablet,B453,3,6,4,1,0,1
TXN0014483,0,0,0,0,1078,1,0,East,20,6,1,high,low,0,0,0,1,0,0,0,0,No_Error,0,41,0.6833333333333333,30-60m,20,6,0,0,Success,1040,0,Synced,0,0,20,6,0,high,none,1,Savings,Mobile,B341,3,6,1,0,1,1
TXN0074262,0,0,0,0,325,1,0,East,8,6,1,low,low,0,0,0,1,0,0,1,0,No_Error,0,81,1.35,1-2h,8,6,0,1,Success,719,0,Synced,0,0,8,6,0,moderate,none,0,Current,Tablet,B268,3,6,1,0,0,0
TXN0066454,0,0,1,0,838,1,0,East,4,6,1,moderate,low,0,0,0,0,0,0,1,0,No_Error,0,81,1.35,1-2h,4,6,0,1,Failure,3368,1,Failed,1,0,4,6,0,very_high,low,3,Savings,Tablet,B399,3,6,4,1,0,1
TXN0057637,0,1,0,0,585,2,0,South,19,6,1,moderate,medium,0,0,0,0,0,0,0,1,Address,1,249,4.15,>2h,19,6,0,3,Success,801,0,Synced,0,0,19,6,0,moderate,none,0,Savings,Mobile,B155,3,6,3,1,0,0
TXN0089690,0,0,0,0,900,1,0,West,14,6,1,moderate,low,0,0,0,0,0,0,1,0,No_Error,0,107,1.7833333333333334,1-2h,14,6,0,1,Success,700,0,Synced,0,0,14,6,0,moderate,none,0,Savings,Tablet,B548,3,6,1,0,0,0
TXN0020657,0,0,1,1,780,1,0,South,15,6,1,moderate,low,0,0,0,0,0,0,0,0,No_Error,0,129,2.15,>2h,15,6,0,1,Failure,3781,1,Failed,1,1,15,6,0,very_high,low,4,Savings,Mobile,B287,3,6,5,1,0,1
TXN0054276,0,0,0,0,295,1,0,South,16,6,1,low,low,0,0,0,0,1,0,0,0,No_Error,0,121,2.0166666666666666,>2h,16,6,0,1,Success,1008,0,Synced,0,0,16,6,0,high,none,1,Current,Tablet,B128,3,6,2,0,0,1
TXN0045873,0,0,0,1,484,1,0,East,19,6,1,low,low,0,1,0,0,0,0,0,0,No_Error,0,176,2.933333333333333,>2h,19,6,0,1,Success,699,0,Synced,0,0,19,6,0,moderate,none,0,Current,Tablet,B399,3,6,1,0,0,0
TXN0098276,0,0,1,0,242,1,0,East,8,6,1,low,low,0,1,0,0,0,0,1,0,No_Error,0,104,1.7333333333333334,1-2h,8,6,0,1,Failure,4785,2,Failed,1,1,8,6,0,very_high,medium,4,Savings,Mobile,B268,3,6,5,1,0,1
TXN0095844,0,0,0,0,2193,3,1,West,11,6,1,very_high,high,0,1,0,0,0,1,0,0,No_Error,0,100,1.6666666666666667,1-2h,11,6,1,1,Success,393,0,Synced,0,0,11,6,1,low,none,0,Current,Mobile,B540,3,6,3,0,1,0
TXN0067793,0,0,0,1,3078,1,1,East,11,6,1,very_high,low,1,1,0,0,0,0,1,0,No_Error,0,57,0.95,30-60m,11,6,1,0,Success,504,0,Synced,0,0,11,6,1,moderate,none,0,Current,Mobile,B265,3,6,2,0,1,0
TXN0097211,0,0,0,0,978,2,0,West,4,6,1,moderate,medium,1,0,0,0,0,0,1,0,No_Error,0,36,0.6,30-60m,4,6,0,0,Success,943,0,Synced,0,0,4,6,0,moderate,none,0,Current,Tablet,B110,3,6,0,0,0,0
TXN0027317,0,1,0,0,788,1,0,North,14,6,1,moderate,low,0,0,0,0,0,0,0,1,KYC_ID,1,210,3.5,>2h,14,6,0,3,Success,408,0,Synced,0,0,14,6,0,low,none,0,Savings,Mobile,B350,3,6,3,1,0,0
TXN0012547,0,0,0,0,853,3,0,East,22,6,1,moderate,high,0,1,0,0,0,0,0,0,No_Error,0,111,1.85,1-2h,22,6,0,1,Success,1108,0,Synced,0,0,22,6,0,high,none,1,Savings,Mobile,B521,3,6,2,0,0,1
TXN0024076,0,0,0,0,946,2,0,North,7,6,1,moderate,medium,0,0,0,0,0,0,0,0,No_Error,0,173,2.8833333333333333,>2h,7,6,0,1,Success,999,0,Synced,0,0,7,6,0,moderate,none,0,Savings,Mobile,B579,3,6,1,0,0,0
TXN0091972,1,0,0,0,3507,1,1,South,10,6,1,very_high,low,0,1,0,1,0,0,1,0,No_Error,0,12,0.2,<=15m,10,6,1,0,Success,755,0,Synced,0,0,10,6,1,moderate,none,0,Current,Mobile,B177,3,6,2,1,1,0
TXN0000134,0,0,0,0,377,1,0,East,15,6,1,low,low,0,0,0,0,0,0,0,0,No_Error,0,20,0.3333333333333333,15-30m,15,6,0,0,Success,755,0,Synced,0,0,15,6,0,moderate,none,0,Current,Tablet,B570,3,6,0,0,0,0
TXN0082346,1,0,0,1,1162,3,0,West,2,6,1,high,high,0,0,0,0,0,0,0,0,No_Error,0,47,0.7833333333333333,30-60m,2,6,0,0,Success,1034,0,Synced,0,0,2,6,0,high,none,1,Savings,Tablet,B429,3,6,1,1,1,1
TXN0039645,0,1,0,0,988,1,0,South,3,6,1,moderate,low,1,0,0,0,0,0,0,1,DOB,0,266,4.433333333333334,>2h,3,6,0,2,Success,379,0,Synced,0,0,3,6,0,low,none,0,Current,Mobile,B554,3,6,2,1,0,0
TXN0075243,0,0,0,1,522,1,0,East,18,6,1,moderate,low,0,0,0,0,0,1,0,0,No_Error,0,12,0.2,<=15m,18,6,0,0,Success,709,0,Synced,0,0,18,6,0,moderate,none,0,Current,Tablet,B297,3,6,0,0,0,0
TXN0075171,1,0,0,0,627,1,0,West,12,6,1,moderate,low,0,0,0,0,0,0,0,0,No_Error,0,125,2.083333333333333,>2h,12,6,0,1,Success,893,0,Synced,0,0,12,6,0,moderate,none,0,Current,Tablet,B119,3,6,1,1,0,0
TXN0017339,1,0,0,1,3064,1,1,North,9,6,1,very_high,low,0,1,0,0,0,0,0,0,No_Error,0,9,0.15,<=15m,9,6,1,0,Success,520,0,Synced,0,0,9,6,1,moderate,none,0,Savings,Tablet,B201,3,6,2,1,1,0
TXN0034150,0,1,0,1,372,1,0,West,18,6,1,low,low,0,0,0,0,0,0,0,1,KYC_ID,0,155,2.583333333333333,>2h,18,6,0,2,Success,899,0,Synced,0,0,18,6,0,moderate,none,0,Savings,Tablet,B249,3,6,2,1,0,0
TXN0051665,0,0,0,0,219,2,0,East,19,6,1,low,medium,0,0,0,0,0,0,0,0,No_Error,0,15,0.25,<=15m,19,6,0,0,Success,1109,0,Synced,0,0,19,6,0,high,none,1,Current,Tablet,B349,3,6,1,0,0,1
TXN0040999,0,0,0,0,341,1,0,East,2,6,1,low,low,0,0,0,0,0,0,0,0,No_Error,0,19,0.3166666666666666,15-30m,2,6,0,0,Success,512,0,Synced,0,0,2,6,0,moderate,none,0,Savings,Mobile,B492,3,6,0,0,0,0
TXN0067095,0,0,0,0,475,1,0,West,5,6,1,low,low,0,0,0,0,0,0,0,0,No_Error,0,137,2.283333333333333,>2h,5,6,0,1,Success,891,0,Synced,0,0,5,6,0,moderate,none,0,Savings,Mobile,B415,3,6,1,0,0,0
TXN0006559,0,0,0,0,433,1,0,North,21,6,1,low,low,0,0,0,1,0,0,0,0,No_Error,0,36,0.6,30-60m,21,6,0,0,Success,1037,0,Synced,0,0,21,6,0,high,none,1,Savings,Mobile,B105,3,6,1,0,0,1
TXN0094419,1,0,0,1,3738,1,1,North,9,6,1,very_high,low,0,1,1,1,0,1,1,0,No_Error,0,156,2.6,>2h,9,6,1,1,Success,591,0,Synced,0,0,9,6,1,moderate,none,0,Current,Tablet,B110,3,6,3,1,1,0
TXN0012800,0,0,1,0,877,1,0,North,16,6,1,moderate,low,0,0,0,0,0,0,0,0,No_Error,0,116,1.9333333333333331,1-2h,16,6,0,1,Failure,4935,2,Failed,1,1,16,6,0,very_high,medium,4,Savings,Mobile,B355,3,6,5,1,0,1
TXN0070280,0,0,0,0,548,1,0,East,22,6,1,moderate,low,0,0,0,0,0,0,0,0,No_Error,0,130,2.1666666666666665,>2h,22,6,0,1,Success,985,0,Synced,0,0,22,6,0,moderate,none,0,Current,Tablet,B284,3,6,1,0,0,0
TXN0050024,0,0,0,1,1033,1,0,North,12,6,1,high,low,1,0,0,1,0,0,0,0,No_Error,0,90,1.5,1-2h,12,6,0,1,Success,641,0,Synced,0,0,12,6,0,moderate,none,0,Current,Tablet,B441,3,6,1,0,1,0
TXN0036474,0,0,0,0,420,1,0,South,20,6,1,low,low,0,0,0,0,0,0,0,0,No_Error,0,12,0.2,<=15m,20,6,0,0,Success,1020,0,Synced,0,0,20,6,0,high,none,1,Savings,Mobile,B305,3,6,1,0,0,1
TXN0087232,0,1,0,0,957,1,0,West,3,6,1,moderate,low,0,0,0,0,0,0,0,1,DOB,1,283,4.716666666666667,>2h,3,6,0,3,Success,1139,0,Synced,0,0,3,6,0,high,none,1,Current,Tablet,B220,3,6,4,1,0,1
TXN0038553,0,0,0,0,796,2,0,North,16,6,1,moderate,medium,0,0,0,0,0,0,0,0,No_Error,0,6,0.1,<=15m,16,6,0,0,Success,813,0,Synced,0,0,16,6,0,moderate,none,0,Current,Mobile,B538,3,6,0,0,0,0
TXN0031206,0,1,0,0,944,1,0,East,6,6,1,moderate,low,0,1,0,1,0,0,1,1,PAN,1,92,1.5333333333333334,1-2h,6,6,0,3,Success,360,0,Synced,0,0,6,6,0,low,none,0,Current,Mobile,B216,3,6,3,1,0,0
TXN0060937,0,0,1,1,1035,2,0,South,7,6,1,high,medium,0,0,0,0,0,0,0,0,No_Error,0,31,0.5166666666666667,30-60m,7,6,0,0,Failure,4697,1,Failed,1,1,7,6,0,very_high,low,4,Current,Tablet,B593,3,6,4,1,1,1
TXN0035463,0,0,0,1,923,1,0,East,21,6,1,moderate,low,0,0,0,0,0,0,0,0,No_Error,0,147,2.45,>2h,21,6,0,1,Success,781,0,Synced,0,0,21,6,0,moderate,none,0,Current,Mobile,B572,3,6,1,0,0,0
TXN0062562,0,0,0,0,339,1,0,East,2,6,1,low,low,0,1,0,0,0,0,0,0,No_Error,0,177,2.95,>2h,2,6,0,1,Success,1178,0,Synced,0,0,2,6,0,high,none,1,Savings,Tablet,B568,3,6,2,0,0,1
TXN0002362,0,0,0,0,637,1,0,East,1,6,1,moderate,low,0,1,0,0,0,0,0,0,No_Error,0,83,1.3833333333333333,1-2h,1,6,0,1,Success,828,0,Synced,0,0,1,6,0,moderate,none,0,Savings,Mobile,B362,3,6,1,0,0,0
TXN0027642,0,1,0,0,1936,3,1,South,9,6,1,high,high,1,0,0,0,0,0,0,1,PAN,1,186,3.1,>2h,9,6,1,3,Success,768,0,Synced,0,0,9,6,1,moderate,none,0,Current,Tablet,B122,3,6,5,1,1,0
TXN0091819,0,0,1,1,1591,1,1,North,10,6,1,high,low,1,0,0,1,0,0,0,0,No_Error,0,93,1.55,1-2h,10,6,1,1,Failure,3450,3,Failed,1,1,10,6,1,very_high,high,4,Savings,Tablet,B392,3,6,7,1,1,1
TXN0022197,1,1,0,0,696,1,0,North,22,6,1,moderate,low,0,0,0,0,0,0,0,1,Address,0,76,1.2666666666666666,1-2h,22,6,0,2,Success,1054,0,Synced,0,0,22,6,0,high,none,1,Current,Tablet,B526,3,6,3,2,0,1
TXN0091786,0,1,0,0,1092,2,0,East,20,6,1,high,medium,0,0,0,0,0,0,0,1,Address,0,137,2.283333333333333,>2h,20,6,0,2,Success,512,0,Synced,0,0,20,6,0,moderate,none,0,Current,Mobile,B254,3,6,2,1,1,0
TXN0048377,1,0,0,1,1883,1,1,West,10,6,1,high,low,0,0,0,0,0,0,1,0,No_Error,0,72,1.2,1-2h,10,6,1,1,Success,877,0,Synced,0,0,10,6,1,moderate,none,0,Savings,Tablet,B515,3,6,3,1,1,0
TXN0001550,0,0,0,0,485,2,0,South,6,6,1,low,medium,0,0,0,0,0,0,0,0,No_Error,0,125,2.083333333333333,>2h,6,6,0,1,Success,1139,0,Synced,0,0,6,6,0,high,none,1,Savings,Tablet,B458,3,6,2,0,0,1
TXN0013439,0,0,0,0,474,1,0,East,22,6,1,low,low,0,0,0,0,0,0,0,0,No_Error,0,47,0.7833333333333333,30-60m,22,6,0,0,Success,546,0,Synced,0,0,22,6,0,moderate,none,0,Current,Mobile,B230,3,6,0,0,0,0
TXN0032060,0,0,0,1,964,3,0,South,7,6,1,moderate,high,0,0,0,0,0,0,0,0,No_Error,0,138,2.3,>2h,7,6,0,1,Success,634,0,Synced,0,0,7,6,0,moderate,none,0,Savings,Tablet,B528,3,6,1,0,0,0
TXN0023299,0,0,0,0,375,3,0,East,3,6,1,low,high,0,0,0,0,0,0,0,0,No_Error,0,106,1.7666666666666666,1-2h,3,6,0,1,Success,668,0,Synced,0,0,3,6,0,moderate,none,0,Savings,Tablet,B144,3,6,1,0,0,0
TXN0092159,0,0,0,0,653,1,0,North,15,6,1,moderate,low,0,0,0,0,0,0,0,0,No_Error,0,14,0.2333333333333333,<=15m,15,6,0,0,Success,462,0,Synced,0,0,15,6,0,low,none,0,Current,Tablet,B518,3,6,0,0,0,0
TXN0079207,0,0,0,1,233,1,0,East,6,6,1,low,low,0,0,0,0,0,0,0,0,No_Error,0,76,1.2666666666666666,1-2h,6,6,0,1,Success,748,0,Synced,0,0,6,6,0,moderate,none,0,Current,Mobile,B373,3,6,1,0,0,0
TXN0013799,0,0,0,1,613,1,0,East,21,6,1,moderate,low,0,0,0,0,0,0,0,0,No_Error,0,145,2.4166666666666665,>2h,21,6,0,1,Success,1199,0,Synced,0,0,21,6,0,high,none,1,Current,Mobile,B171,3,6,2,0,0,1
TXN0065529,0,0,0,0,944,2,0,West,23,6,1,moderate,medium,0,0,0,0,0,0,0,0,No_Error,0,79,1.3166666666666669,1-2h,23,6,0,1,Success,1056,0,Synced,0,0,23,6,0,high,none,1,Savings,Mobile,B449,3,6,2,0,0,1
TXN0006301,0,0,0,0,553,1,0,South,17,6,1,moderate,low,0,0,0,0,0,0,0,0,No_Error,0,157,2.6166666666666667,>2h,17,6,0,1,Success,591,0,Synced,0,0,17,6,0,moderate,none,0,Current,Tablet,B506,3,6,1,0,0,0
TXN0043318,1,1,0,0,748,1,0,West,5,6,1,moderate,low,0,0,0,0,0,0,0,1,KYC_ID,1,281,4.683333333333334,>2h,5,6,0,3,Success,826,0,Synced,0,0,5,6,0,moderate,none,0,Current,Mobile,B169,3,6,3,2,0,0
TXN0083950,0,0,0,0,233,1,0,East,19,6,1,low,low,0,0,0,0,0,0,0,0,No_Error,0,133,2.216666666666667,>2h,19,6,0,1,Success,1159,0,Synced,0,0,19,6,0,high,none,1,Savings,Tablet,B231,3,6,2,0,0,1
TXN0025546,0,0,0,0,336,2,0,South,14,6,1,low,medium,0,0,0,0,0,0,0,0,No_Error,0,93,1.55,1-2h,14,6,0,1,Success,608,0,Synced,0,0,14,6,0,moderate,none,0,Current,Tablet,B404,3,6,1,0,0,0
TXN0066009,0,0,0,0,287,2,0,East,12,6,1,low,medium,0,0,0,0,0,0,0,0,No_Error,0,148,2.466666666666667,>2h,12,6,0,1,Success,1041,0,Synced,0,0,12,6,0,high,none,1,Savings,Tablet,B415,3,6,2,0,0,1
TXN0072628,1,0,1,0,607,2,0,West,16,6,1,moderate,medium,0,0,0,0,0,1,0,0,No_Error,0,46,0.7666666666666667,30-60m,16,6,0,0,Failure,2874,1,Failed,1,1,16,6,0,very_high,low,4,Savings,Mobile,B225,3,6,4,2,0,1
TXN0041414,0,0,0,0,980,1,0,South,8,6,1,moderate,low,0,0,0,0,0,0,1,0,No_Error,0,45,0.75,30-60m,8,6,0,0,Success,924,0,Synced,0,0,8,6,0,moderate,none,0,Current,Tablet,B438,3,6,0,0,0,0
TXN0096921,0,0,0,0,304,1,0,South,1,6,1,low,low,0,0,0,0,0,0,0,0,No_Error,0,26,0.4333333333333333,15-30m,1,6,0,0,Success,362,0,Synced,0,0,1,6,0,low,none,0,Current,Mobile,B427,3,6,0,0,0,0
TXN0063164,0,0,0,1,868,1,0,West,21,6,1,moderate,low,0,0,0,0,0,0,0,0,No_Error,0,154,2.566666666666667,>2h,21,6,0,1,Success,550,0,Synced,0,0,21,6,0,moderate,none,0,Current,Tablet,B587,3,6,1,0,0,0
TXN0097651,0,0,0,0,664,1,0,East,16,6,1,moderate,low,0,0,0,0,0,0,0,0,No_Error,0,54,0.9,30-60m,16,6,0,0,Success,504,0,Synced,0,0,16,6,0,moderate,none,0,Savings,Tablet,B386,3,6,0,0,0,0
TXN0026557,0,1,0,0,648,1,0,West,5,6,1,moderate,low,1,0,0,1,0,0,0,1,DOB,1,269,4.483333333333333,>2h,5,6,0,3,Success,1111,0,Synced,0,0,5,6,0,high,none,1,Current,Mobile,B492,3,6,4,1,0,1
TXN0095466,0,0,0,0,480,1,0,West,3,6,1,low,low,0,0,0,0,0,0,0,0,No_Error,0,77,1.2833333333333334,1-2h,3,6,0,1,Success,555,0,Synced,0,0,3,6,0,moderate,none,0,Savings,Mobile,B519,3,6,1,0,0,0
TXN0089376,0,0,0,0,1121,1,0,West,22,6,1,high,low,0,0,0,0,0,0,0,0,No_Error,0,154,2.566666666666667,>2h,22,6,0,1,Success,1149,0,Synced,0,0,22,6,0,high,none,1,Current,Mobile,B253,3,6,2,0,1,1
TXN0001862,0,0,0,0,958,1,0,North,5,6,1,moderate,low,0,0,1,0,0,0,0,0,No_Error,0,35,0.5833333333333334,30-60m,5,6,0,0,Success,369,0,Synced,0,0,5,6,0,low,none,0,Savings,Mobile,B300,3,6,0,0,0,0
TXN0015356,0,0,0,0,1873,1,1,West,11,6,1,high,low,1,0,0,0,0,0,0,0,No_Error,0,111,1.85,1-2h,11,6,1,1,Success,718,0,Synced,0,0,11,6,1,moderate,none,0,Savings,Tablet,B272,3,6,3,0,1,0
TXN0021733,0,0,0,0,256,1,0,West,18,6,1,low,low,0,0,0,0,0,0,0,0,No_Error,0,174,2.9,>2h,18,6,0,1,Success,358,0,Synced,0,0,18,6,0,low,none,0,Savings,Tablet,B405,3,6,1,0,0,0
TXN0048317,0,1,0,0,277,1,0,West,6,6,1,low,low,0,0,0,0,0,0,0,1,PAN,1,297,4.95,>2h,6,6,0,3,Success,838,0,Synced,0,0,6,6,0,moderate,none,0,Current,Mobile,B548,3,6,3,1,0,0
TXN0068844,1,0,0,0,3764,2,1,East,11,6,1,very_high,medium,0,1,0,0,0,0,1,0,No_Error,0,62,1.0333333333333334,1-2h,11,6,1,1,Success,855,0,Synced,0,0,11,6,1,moderate,none,0,Current,Tablet,B197,3,6,3,1,1,0
TXN0087859,0,0,0,0,767,1,0,South,7,6,1,moderate,low,0,0,0,0,0,0,0,0,No_Error,0,148,2.466666666666667,>2h,7,6,0,1,Success,394,0,Synced,0,0,7,6,0,low,none,0,Savings,Tablet,B378,3,6,1,0,0,0
TXN0060691,0,1,0,0,1053,1,0,West,21,6,1,high,low,0,0,0,0,0,1,0,1,Address,0,289,4.816666666666666,>2h,21,6,0,2,Success,463,0,Synced,0,0,21,6,0,low,none,0,Savings,Mobile,B157,3,6,2,1,1,0
TXN0029254,0,1,0,0,936,1,0,West,12,6,1,moderate,low,0,0,0,0,0,0,0,1,Address,1,199,3.316666666666667,>2h,12,6,0,3,Success,703,0,Synced,0,0,12,6,0,moderate,none,0,Current,Mobile,B419,3,6,3,1,0,0
TXN0033311,0,1,0,0,742,1,0,South,8,6,1,moderate,low,0,0,0,0,0,0,0,1,Address,1,66,1.1,1-2h,8,6,0,3,Success,339,0,Synced,0,0,8,6,0,low,none,0,Savings,Mobile,B553,3,6,3,1,0,0
TXN0095446,0,0,0,0,640,1,0,West,19,6,1,moderate,low,0,1,0,0,0,0,0,0,No_Error,0,21,0.35,15-30m,19,6,0,0,Success,995,0,Synced,0,0,19,6,0,moderate,none,0,Current,Mobile,B547,3,6,0,0,0,0
TXN0083404,0,0,0,0,867,1,0,East,15,6,1,moderate,low,0,0,0,0,0,0,0,0,No_Error,0,77,1.2833333333333334,1-2h,15,6,0,1,Success,832,0,Synced,0,0,15,6,0,moderate,none,0,Savings,Tablet,B444,3,6,1,0,0,0
TXN0066488,1,0,1,1,3268,1,1,East,9,6,1,very_high,low,1,0,1,1,0,1,1,0,No_Error,0,42,0.7,30-60m,9,6,1,0,Failure,3526,1,Failed,1,0,9,6,1,very_high,low,3,Current,Tablet,B407,3,6,5,2,1,1
TXN0088489,1,0,0,1,1979,2,1,South,10,6,1,high,medium,0,0,0,1,0,0,1,0,No_Error,0,150,2.5,>2h,10,6,1,1,Success,548,0,Synced,0,0,10,6,1,moderate,none,0,Current,Tablet,B561,3,6,3,1,1,0
TXN0013506,0,0,0,0,461,1,0,South,0,6,1,low,low,0,0,0,0,0,0,0,0,No_Error,0,54,0.9,30-60m,0,6,0,0,Success,604,0,Synced,0,0,0,6,0,moderate,none,0,Savings,Mobile,B287,3,6,0,0,0,0
TXN0063201,0,0,0,0,822,1,0,West,16,6,1,moderate,low,0,0,0,0,0,0,0,0,No_Error,0,25,0.4166666666666667,15-30m,16,6,0,0,Success,764,0,Synced,0,0,16,6,0,moderate,none,0,Savings,Tablet,B133,3,6,0,0,0,0
TXN0038868,0,0,0,0,281,1,0,West,21,6,1,low,low,0,0,0,0,0,0,0,0,No_Error,0,175,2.9166666666666665,>2h,21,6,0,1,Success,923,0,Synced,0,0,21,6,0,moderate,none,0,Current,Tablet,B554,3,6,1,0,0,0
TXN0047089,0,0,0,0,962,2,0,North,0,6,1,moderate,medium,1,0,0,0,0,0,0,0,No_Error,0,50,0.8333333333333334,30-60m,0,6,0,0,Success,391,0,Synced,0,0,0,6,0,low,none,0,Savings,Mobile,B238,3,6,0,0,0,0
TXN0047483,0,0,0,0,1189,1,0,North,16,6,1,high,low,0,0,0,0,0,0,0,0,No_Error,0,26,0.4333333333333333,15-30m,16,6,0,0,Success,707,0,Synced,0,0,16,6,0,moderate,none,0,Savings,Tablet,B152,3,6,0,0,1,0
TXN0094916,1,1,0,1,214,1,0,North,14,6,1,low,low,0,0,0,0,0,0,0,1,PAN,1,126,2.1,>2h,14,6,0,3,Success,840,0,Synced,0,0,14,6,0,moderate,none,0,Savings,Mobile,B228,3,6,3,2,0,0
TXN0082400,0,0,0,0,678,1,0,South,4,6,1,moderate,low,0,0,0,0,0,0,0,0,No_Error,0,71,1.1833333333333331,1-2h,4,6,0,1,Success,1093,0,Synced,0,0,4,6,0,high,none,1,Current,Tablet,B486,3,6,2,0,0,1
TXN0016520,0,1,0,0,875,1,0,East,4,6,1,moderate,low,0,0,0,0,0,0,0,1,Address,1,72,1.2,1-2h,4,6,0,3,Success,868,0,Synced,0,0,4,6,0,moderate,none,0,Savings,Mobile,B344,3,6,3,1,0,0
TXN0059355,0,1,0,0,1116,2,0,North,19,6,1,high,medium,1,0,0,0,0,0,0,1,PAN,1,175,2.9166666666666665,>2h,19,6,0,3,Success,595,0,Synced,0,0,19,6,0,moderate,none,0,Current,Tablet,B460,3,6,3,1,1,0
TXN0015294,1,0,0,0,1002,2,0,East,4,6,1,high,medium,1,0,0,0,0,0,0,0,No_Error,0,33,0.55,30-60m,4,6,0,0,Success,635,0,Synced,0,0,4,6,0,moderate,none,0,Savings,Tablet,B392,3,6,0,1,1,0
TXN0079513,0,0,0,0,491,2,0,East,15,6,1,low,medium,0,0,0,0,0,0,0,0,No_Error,0,140,2.333333333333333,>2h,15,6,0,1,Success,926,0,Synced,0,0,15,6,0,moderate,none,0,Savings,Tablet,B271,3,6,1,0,0,0
TXN0063744,1,0,0,1,1019,1,0,West,6,6,1,high,low,0,0,0,0,1,0,0,0,No_Error,0,158,2.6333333333333333,>2h,6,6,0,1,Success,921,0,Synced,0,0,6,6,0,moderate,none,0,Current,Tablet,B410,3,6,1,1,1,0
TXN0026933,0,0,0,0,970,1,0,North,8,6,1,moderate,low,0,0,0,0,0,0,0,0,No_Error,0,91,1.5166666666666666,1-2h,8,6,0,1,Success,410,0,Synced,0,0,8,6,0,low,none,0,Savings,Mobile,B247,3,6,1,0,0,0
TXN0043583,0,0,0,0,1151,1,0,North,16,6,1,high,low,0,0,0,0,0,0,0,0,No_Error,0,10,0.1666666666666666,<=15m,16,6,0,0,Success,1178,0,Synced,0,0,16,6,0,high,none,1,Current,Mobile,B403,3,6,1,0,1,1
TXN0017642,0,0,0,0,868,1,0,South,7,6,1,moderate,low,0,0,0,0,0,0,0,0,No_Error,0,12,0.2,<=15m,7,6,0,0,Success,637,0,Synced,0,0,7,6,0,moderate,none,0,Savings,Tablet,B344,3,6,0,0,0,0
TXN0090141,1,0,0,0,596,3,0,East,19,6,1,moderate,high,0,0,0,0,0,0,0,0,No_Error,0,137,2.283333333333333,>2h,19,6,0,1,Success,312,0,Synced,0,0,19,6,0,low,none,0,Current,Mobile,B181,3,6,1,1,0,0
TXN0062158,0,0,1,1,404,1,0,West,12,6,1,low,low,0,0,0,0,0,0,0,0,No_Error,0,56,0.9333333333333332,30-60m,12,6,0,0,Failure,4841,3,Failed,1,0,12,6,0,very_high,high,3,Savings,Mobile,B561,3,6,3,1,0,1
TXN0092388,0,0,0,0,859,1,0,North,13,6,1,moderate,low,0,0,0,0,0,1,0,0,No_Error,0,55,0.9166666666666666,30-60m,13,6,0,0,Success,645,0,Synced,0,0,13,6,0,moderate,none,0,Savings,Mobile,B291,3,6,0,0,0,0
TXN0070446,0,0,0,0,906,1,0,East,8,6,1,moderate,low,0,0,0,1,0,0,0,0,No_Error,0,37,0.6166666666666667,30-60m,8,6,0,0,Success,1166,0,Synced,0,0,8,6,0,high,none,1,Current,Mobile,B554,3,6,1,0,0,1
TXN0075543,0,0,0,0,1048,1,0,West,6,6,1,high,low,0,1,0,0,0,0,0,0,No_Error,0,136,2.2666666666666666,>2h,6,6,0,1,Success,1129,0,Synced,0,0,6,6,0,high,none,1,Current,Tablet,B233,3,6,2,0,1,1
TXN0013002,0,0,0,0,998,1,0,South,2,6,1,moderate,low,0,1,0,0,0,0,0,0,No_Error,0,18,0.3,15-30m,2,6,0,0,Success,1197,0,Synced,0,0,2,6,0,high,none,1,Savings,Tablet,B512,3,6,1,0,0,1
TXN0076285,0,0,0,0,863,1,0,North,20,6,1,moderate,low,0,0,0,0,0,0,0,0,No_Error,0,16,0.2666666666666666,15-30m,20,6,0,0,Success,668,0,Synced,0,0,20,6,0,moderate,none,0,Savings,Mobile,B218,3,6,0,0,0,0
TXN0039247,0,1,1,0,254,1,0,West,4,6,1,low,low,0,0,0,0,0,0,0,1,KYC_ID,1,163,2.716666666666667,>2h,4,6,0,3,Failure,3298,1,Failed,1,0,4,6,0,very_high,low,3,Savings,Mobile,B167,3,6,6,2,0,1
TXN0063655,0,0,0,0,1081,1,0,East,15,6,1,high,low,0,0,0,0,0,0,0,0,No_Error,0,89,1.4833333333333334,1-2h,15,6,0,1,Success,308,0,Synced,0,0,15,6,0,low,none,0,Current,Tablet,B471,3,6,1,0,1,0
TXN0005038,0,0,0,0,396,2,0,West,12,6,1,low,medium,0,0,0,0,0,0,1,0,No_Error,0,10,0.1666666666666666,<=15m,12,6,0,0,Success,1019,0,Synced,0,0,12,6,0,high,none,1,Savings,Tablet,B486,3,6,1,0,0,1
TXN0059209,0,0,0,1,828,1,0,East,18,6,1,moderate,low,0,0,0,0,0,0,0,0,No_Error,0,75,1.25,1-2h,18,6,0,1,Success,1009,0,Synced,0,0,18,6,0,high,none,1,Current,Mobile,B132,3,6,2,0,0,1
TXN0090918,0,0,0,0,348,1,0,North,22,6,1,low,low,0,0,0,0,0,0,0,0,No_Error,0,91,1.5166666666666666,1-2h,22,6,0,1,Success,573,0,Synced,0,0,22,6,0,moderate,none,0,Current,Tablet,B124,3,6,1,0,0,0
TXN0028847,1,0,0,1,3370,2,1,South,10,6,1,very_high,medium,0,1,1,1,0,1,0,0,No_Error,0,128,2.1333333333333333,>2h,10,6,1,1,Success,485,0,Synced,0,0,10,6,1,low,none,0,Current,Tablet,B197,3,6,3,1,1,0
TXN0054493,0,1,0,0,282,2,0,East,20,6,1,low,medium,0,0,0,0,0,0,0,1,DOB,1,297,4.95,>2h,20,6,0,3,Success,730,0,Synced,0,0,20,6,0,moderate,none,0,Savings,Tablet,B369,3,6,3,1,0,0
TXN0012908,0,0,0,0,620,3,0,West,19,6,1,moderate,high,0,0,0,0,0,0,0,0,No_Error,0,108,1.8,1-2h,19,6,0,1,Success,356,0,Synced,0,0,19,6,0,low,none,0,Current,Tablet,B378,3,6,1,0,0,0
TXN0005346,0,0,0,0,241,1,0,South,22,6,1,low,low,0,0,0,0,0,0,0,0,No_Error,0,86,1.4333333333333331,1-2h,22,6,0,1,Success,1059,0,Synced,0,0,22,6,0,high,none,1,Savings,Tablet,B255,3,6,2,0,0,1
TXN0032685,0,0,0,1,689,2,0,South,5,6,1,moderate,medium,1,1,0,0,0,0,0,0,No_Error,0,32,0.5333333333333333,30-60m,5,6,0,0,Success,873,0,Synced,0,0,5,6,0,moderate,none,0,Savings,Mobile,B295,3,6,0,0,0,0
TXN0039327,0,0,1,0,793,1,0,West,3,6,1,moderate,low,1,0,1,0,1,0,0,0,No_Error,0,107,1.7833333333333334,1-2h,3,6,0,1,Failure,3847,1,Failed,1,0,3,6,0,very_high,low,3,Current,Mobile,B208,3,6,4,1,0,1
TXN0044576,0,0,0,0,227,1,0,East,0,6,1,low,low,0,0,0,0,0,0,0,0,No_Error,0,17,0.2833333333333333,15-30m,0,6,0,0,Success,1088,0,Synced,0,0,0,6,0,high,none,1,Savings,Mobile,B131,3,6,1,0,0,1
TXN0097570,0,0,0,0,472,1,0,North,21,6,1,low,low,0,0,0,0,0,0,0,0,No_Error,0,42,0.7,30-60m,21,6,0,0,Success,983,0,Synced,0,0,21,6,0,moderate,none,0,Current,Tablet,B471,3,6,0,0,0,0
TXN0012162,0,0,0,1,324,3,0,West,19,6,1,low,high,0,0,0,0,0,0,0,0,No_Error,0,36,0.6,30-60m,19,6,0,0,Success,1194,0,Synced,0,0,19,6,0,high,none,1,Savings,Tablet,B122,3,6,1,0,0,1
TXN0037527,1,0,0,1,2955,2,1,West,10,6,1,very_high,medium,1,1,0,0,0,1,1,0,No_Error,0,138,2.3,>2h,10,6,1,1,Success,561,0,Synced,0,0,10,6,1,moderate,none,0,Savings,Tablet,B442,3,6,3,1,1,0
TXN0088065,0,0,0,0,703,1,0,North,5,6,1,moderate,low,0,0,0,0,0,0,0,0,No_Error,0,25,0.4166666666666667,15-30m,5,6,0,0,Success,410,0,Synced,0,0,5,6,0,low,none,0,Savings,Mobile,B165,3,6,0,0,0,0
TXN0038963,0,1,0,1,273,1,0,North,18,6,1,low,low,0,0,0,0,0,0,0,1,PAN,1,281,4.683333333333334,>2h,18,6,0,3,Success,876,0,Synced,0,0,18,6,0,moderate,none,0,Current,Tablet,B448,3,6,3,1,0,0
TXN0093967,0,1,1,1,959,3,0,North,8,6,1,moderate,high,0,0,0,0,0,0,0,1,PAN,0,105,1.75,1-2h,8,6,0,2,Failure,4235,3,Failed,1,0,8,6,0,very_high,high,3,Current,Mobile,B405,3,6,5,2,0,1
TXN0090252,0,0,0,1,951,1,0,South,0,6,1,moderate,low,0,0,0,0,0,0,0,0,No_Error,0,75,1.25,1-2h,0,6,0,1,Success,728,0,Synced,0,0,0,6,0,moderate,none,0,Savings,Mobile,B188,3,6,1,0,0,0
TXN0084116,0,0,0,0,390,1,0,West,3,6,1,low,low,0,0,0,0,0,0,0,0,No_Error,0,117,1.95,1-2h,3,6,0,1,Success,1033,0,Synced,0,0,3,6,0,high,none,1,Savings,Tablet,B417,3,6,2,0,0,1
TXN0067997,0,1,0,0,243,1,0,South,13,6,1,low,low,0,0,0,0,0,0,0,1,DOB,1,222,3.7,>2h,13,6,0,3,Success,1154,0,Synced,0,0,13,6,0,high,none,1,Current,Mobile,B378,3,6,4,1,0,1
TXN0068124,0,0,0,0,962,1,0,North,18,6,1,moderate,low,0,0,0,0,0,0,0,0,No_Error,0,137,2.283333333333333,>2h,18,6,0,1,Success,569,0,Synced,0,0,18,6,0,moderate,none,0,Current,Tablet,B574,3,6,1,0,0,0
TXN0015257,0,0,0,0,1100,1,0,East,16,6,1,high,low,0,0,0,0,0,0,0,0,No_Error,0,5,0.0833333333333333,<=15m,16,6,0,0,Success,1189,0,Synced,0,0,16,6,0,high,none,1,Current,Mobile,B217,3,6,1,0,1,1
TXN0061067,1,0,0,1,1109,1,0,North,8,6,1,high,low,1,0,0,0,0,0,0,0,No_Error,0,116,1.9333333333333331,1-2h,8,6,0,1,Success,537,0,Synced,0,0,8,6,0,moderate,none,0,Savings,Mobile,B316,3,6,1,1,1,0
TXN0089216,1,1,0,1,938,1,0,North,21,6,1,moderate,low,0,1,0,0,0,0,0,1,KYC_ID,1,99,1.65,1-2h,21,6,0,3,Success,502,0,Synced,0,0,21,6,0,moderate,none,0,Savings,Mobile,B370,3,6,3,2,0,0
TXN0023734,1,0,1,1,836,1,0,East,3,6,1,moderate,low,0,0,0,0,0,0,0,0,No_Error,0,78,1.3,1-2h,3,6,0,1,Failure,2883,1,Failed,1,1,3,6,0,very_high,low,4,Current,Mobile,B410,3,6,5,2,0,1
TXN0075498,0,1,0,0,312,3,0,West,7,6,1,low,high,0,0,0,0,0,0,0,1,KYC_ID,1,64,1.0666666666666669,1-2h,7,6,0,3,Success,1069,0,Synced,0,0,7,6,0,high,none,1,Savings,Mobile,B220,3,6,4,1,0,1
TXN0030708,0,0,0,1,1172,1,0,West,4,6,1,high,low,0,0,0,1,0,0,0,0,No_Error,0,100,1.6666666666666667,1-2h,4,6,0,1,Success,689,0,Synced,0,0,4,6,0,moderate,none,0,Current,Tablet,B185,3,6,1,0,1,0
TXN0078744,0,0,0,0,224,1,0,East,19,6,1,low,low,0,0,0,0,0,0,0,0,No_Error,0,123,2.05,>2h,19,6,0,1,Success,630,0,Synced,0,0,19,6,0,moderate,none,0,Savings,Tablet,B470,3,6,1,0,0,0
TXN0090059,0,1,0,0,2915,1,1,South,11,6,1,very_high,low,0,0,0,0,0,0,0,1,Address,1,66,1.1,1-2h,11,6,1,3,Success,972,0,Synced,0,0,11,6,1,moderate,none,0,Current,Tablet,B245,3,6,5,1,1,0
TXN0045792,1,1,0,1,3830,1,1,East,9,6,1,very_high,low,1,0,1,1,0,1,1,1,KYC_ID,0,136,2.2666666666666666,>2h,9,6,1,2,Success,306,0,Synced,0,0,9,6,1,low,none,0,Savings,Tablet,B435,3,6,4,2,1,0
TXN0079894,1,0,1,1,2259,1,1,South,11,6,1,very_high,low,0,1,1,0,1,0,0,0,No_Error,0,13,0.2166666666666666,<=15m,11,6,1,0,Failure,2730,3,Failed,1,1,11,6,1,very_high,high,4,Savings,Tablet,B136,3,6,6,2,1,1
TXN0042953,0,0,1,0,852,1,0,East,18,6,1,moderate,low,0,0,0,0,0,0,0,0,No_Error,0,133,2.216666666666667,>2h,18,6,0,1,Failure,3009,1,Failed,1,0,18,6,0,very_high,low,3,Savings,Tablet,B568,3,6,4,1,0,1
TXN0068720,0,0,0,0,646,2,0,East,1,6,1,moderate,medium,1,0,0,0,0,0,0,0,No_Error,0,31,0.5166666666666667,30-60m,1,6,0,0,Success,544,0,Synced,0,0,1,6,0,moderate,none,0,Current,Tablet,B451,3,6,0,0,0,0
TXN0069193,0,0,0,0,683,1,0,West,22,6,1,moderate,low,0,0,0,0,0,0,0,0,No_Error,0,108,1.8,1-2h,22,6,0,1,Success,687,0,Synced,0,0,22,6,0,moderate,none,0,Current,Mobile,B358,3,6,1,0,0,0
TXN0040493,1,0,0,0,924,2,0,West,7,6,1,moderate,medium,0,0,0,0,0,0,0,0,No_Error,0,88,1.4666666666666666,1-2h,7,6,0,1,Success,1018,0,Synced,0,0,7,6,0,high,none,1,Savings,Tablet,B374,3,6,2,1,0,1
TXN0003309,1,0,0,0,304,1,0,East,6,6,1,low,low,0,0,0,0,0,0,0,0,No_Error,0,168,2.8,>2h,6,6,0,1,Success,822,0,Synced,0,0,6,6,0,moderate,none,0,Current,Mobile,B572,3,6,1,1,0,0
TXN0077968,0,0,0,1,2573,1,1,South,10,6,1,very_high,low,0,0,0,0,0,0,0,0,No_Error,0,98,1.6333333333333333,1-2h,10,6,1,1,Success,1117,0,Synced,0,0,10,6,1,high,none,1,Current,Mobile,B432,3,6,4,0,1,1
TXN0004272,0,0,0,0,1854,1,1,North,10,6,1,high,low,0,0,0,0,0,1,1,0,No_Error,0,74,1.2333333333333334,1-2h,10,6,1,1,Success,747,0,Synced,0,0,10,6,1,moderate,none,0,Savings,Mobile,B338,3,6,3,0,1,0
TXN0089103,1,0,0,1,3302,2,1,South,9,6,1,very_high,medium,1,0,0,0,0,1,1,0,No_Error,0,131,2.183333333333333,>2h,9,6,1,1,Success,700,0,Synced,0,0,9,6,1,moderate,none,0,Current,Tablet,B185,3,6,3,1,1,0
TXN0059955,0,0,0,0,1047,1,0,East,8,6,1,high,low,0,0,0,0,0,0,0,0,No_Error,0,154,2.566666666666667,>2h,8,6,0,1,Success,589,0,Synced,0,0,8,6,0,moderate,none,0,Current,Tablet,B412,3,6,1,0,1,0
TXN0016028,0,1,0,0,559,3,0,West,22,6,1,moderate,high,0,0,0,0,0,0,0,1,Address,0,150,2.5,>2h,22,6,0,2,Success,988,0,Synced,0,0,22,6,0,moderate,none,0,Savings,Tablet,B200,3,6,2,1,0,0
TXN0087207,0,1,0,0,339,1,0,South,5,6,1,low,low,0,1,0,0,0,0,0,1,Address,0,84,1.4,1-2h,5,6,0,2,Success,1116,0,Synced,0,0,5,6,0,high,none,1,Savings,Tablet,B274,3,6,3,1,0,1
TXN0041418,1,1,1,1,1138,1,0,West,0,6,1,high,low,0,0,1,0,0,0,0,1,Address,1,186,3.1,>2h,0,6,0,3,Failure,3151,1,Failed,1,0,0,6,0,very_high,low,3,Current,Mobile,B434,3,6,6,3,1,1
TXN0055748,1,0,0,0,773,3,0,East,13,6,1,moderate,high,0,0,0,0,0,0,0,0,No_Error,0,30,0.5,15-30m,13,6,0,0,Success,721,0,Synced,0,0,13,6,0,moderate,none,0,Current,Tablet,B508,3,6,0,1,0,0
TXN0043414,0,0,0,0,790,1,0,West,5,6,1,moderate,low,0,0,0,0,0,0,0,0,No_Error,0,76,1.2666666666666666,1-2h,5,6,0,1,Success,358,0,Synced,0,0,5,6,0,low,none,0,Current,Mobile,B273,3,6,1,0,0,0
TXN0042102,0,0,1,0,280,1,0,East,13,6,1,low,low,0,0,0,0,0,0,0,0,No_Error,0,158,2.6333333333333333,>2h,13,6,0,1,Failure,2896,2,Failed,1,1,13,6,0,very_high,medium,4,Savings,Tablet,B189,3,6,5,1,0,1
TXN0081477,0,0,0,1,668,1,0,North,5,6,1,moderate,low,0,0,0,0,0,0,0,0,No_Error,0,59,0.9833333333333332,30-60m,5,6,0,0,Success,1159,0,Synced,0,0,5,6,0,high,none,1,Current,Tablet,B216,3,6,1,0,0,1
TXN0065757,0,0,0,0,912,1,0,West,21,6,1,moderate,low,0,0,0,0,0,0,0,0,No_Error,0,147,2.45,>2h,21,6,0,1,Success,871,0,Synced,0,0,21,6,0,moderate,none,0,Savings,Tablet,B204,3,6,1,0,0,0
TXN0025868,0,0,0,0,949,1,0,East,21,6,1,moderate,low,0,0,0,0,0,0,0,0,No_Error,0,45,0.75,30-60m,21,6,0,0,Success,522,0,Synced,0,0,21,6,0,moderate,none,0,Current,Tablet,B146,3,6,0,0,0,0
TXN0071803,0,0,0,0,1024,3,0,West,8,6,1,high,high,0,0,0,0,0,0,0,0,No_Error,0,12,0.2,<=15m,8,6,0,0,Success,1046,0,Synced,0,0,8,6,0,high,none,1,Current,Mobile,B332,3,6,1,0,1,1
TXN0073054,0,0,0,0,579,1,0,West,20,6,1,moderate,low,0,0,0,0,0,0,0,0,No_Error,0,131,2.183333333333333,>2h,20,6,0,1,Success,756,0,Synced,0,0,20,6,0,moderate,none,0,Current,Tablet,B332,3,6,1,0,0,0
TXN0075303,0,0,0,0,813,1,0,West,1,6,1,moderate,low,0,0,0,1,0,0,1,0,No_Error,0,52,0.8666666666666667,30-60m,1,6,0,0,Success,459,0,Synced,0,0,1,6,0,low,none,0,Savings,Mobile,B583,3,6,0,0,0,0
TXN0043342,0,0,0,0,472,1,0,North,1,6,1,low,low,0,0,0,0,0,0,0,0,No_Error,0,7,0.1166666666666666,<=15m,1,6,0,0,Success,872,0,Synced,0,0,1,6,0,moderate,none,0,Savings,Mobile,B493,3,6,0,0,0,0
TXN0049667,0,0,0,0,579,1,0,North,3,6,1,moderate,low,0,0,0,0,0,0,0,0,No_Error,0,9,0.15,<=15m,3,6,0,0,Success,1042,0,Synced,0,0,3,6,0,high,none,1,Savings,Tablet,B177,3,6,1,0,0,1
TXN0072886,0,1,0,1,981,1,0,South,18,6,1,moderate,low,0,0,0,0,0,0,0,1,PAN,1,214,3.566666666666667,>2h,18,6,0,3,Success,1074,0,Synced,0,0,18,6,0,high,none,1,Current,Tablet,B426,3,6,4,1,0,1
TXN0098246,0,0,0,0,964,1,0,North,14,6,1,moderate,low,0,0,0,1,0,0,0,0,No_Error,0,165,2.75,>2h,14,6,0,1,Success,468,0,Synced,0,0,14,6,0,low,none,0,Current,Mobile,B405,3,6,1,0,0,0
TXN0011461,0,0,0,0,1162,1,0,West,3,6,1,high,low,0,0,0,0,1,0,0,0,No_Error,0,62,1.0333333333333334,1-2h,3,6,0,1,Success,920,0,Synced,0,0,3,6,0,moderate,none,0,Current,Mobile,B531,3,6,1,0,1,0
TXN0031393,1,0,0,0,534,1,0,West,4,6,1,moderate,low,0,1,0,0,0,0,0,0,No_Error,0,130,2.1666666666666665,>2h,4,6,0,1,Success,842,0,Synced,0,0,4,6,0,moderate,none,0,Savings,Tablet,B471,3,6,1,1,0,0
TXN0066041,0,0,0,0,661,2,0,North,5,6,1,moderate,medium,0,0,0,0,0,0,0,0,No_Error,0,153,2.55,>2h,5,6,0,1,Success,1040,0,Synced,0,0,5,6,0,high,none,1,Current,Mobile,B215,3,6,2,0,0,1
TXN0018922,0,0,0,0,862,1,0,East,20,6,1,moderate,low,0,0,0,0,0,0,0,0,No_Error,0,54,0.9,30-60m,20,6,0,0,Success,699,0,Synced,0,0,20,6,0,moderate,none,0,Savings,Tablet,B267,3,6,0,0,0,0
TXN0088636,0,1,0,0,657,1,0,South,19,6,1,moderate,low,0,0,0,0,0,0,0,1,Address,0,159,2.65,>2h,19,6,0,2,Success,1066,0,Synced,0,0,19,6,0,high,none,1,Savings,Mobile,B540,3,6,3,1,0,1
TXN0047371,0,1,1,1,3440,1,1,East,9,6,1,very_high,low,0,0,0,0,0,1,1,1,Address,1,256,4.266666666666667,>2h,9,6,1,3,Failure,3373,2,Failed,1,0,9,6,1,very_high,medium,3,Savings,Tablet,B446,3,6,8,2,1,1
TXN0011806,1,0,0,1,2099,3,1,North,10,6,1,very_high,high,0,0,1,0,0,0,1,0,No_Error,0,142,2.3666666666666667,>2h,10,6,1,1,Success,1124,0,Synced,0,0,10,6,1,high,none,1,Savings,Mobile,B262,3,6,4,1,1,1
TXN0091140,0,0,0,0,233,1,0,South,20,6,1,low,low,0,0,0,0,0,0,0,0,No_Error,0,102,1.7,1-2h,20,6,0,1,Success,962,0,Synced,0,0,20,6,0,moderate,none,0,Savings,Tablet,B114,3,6,1,0,0,0
TXN0067554,0,0,0,0,806,1,0,North,22,6,1,moderate,low,0,0,0,0,0,0,0,0,No_Error,0,56,0.9333333333333332,30-60m,22,6,0,0,Success,999,0,Synced,0,0,22,6,0,moderate,none,0,Current,Mobile,B145,3,6,0,0,0,0
TXN0000573,0,0,0,0,752,2,0,South,6,6,1,moderate,medium,0,0,0,0,0,0,0,0,No_Error,0,51,0.85,30-60m,6,6,0,0,Success,655,0,Synced,0,0,6,6,0,moderate,none,0,Savings,Tablet,B326,3,6,0,0,0,0
TXN0067512,0,1,1,1,534,2,0,North,22,6,1,moderate,medium,0,0,0,0,0,1,0,1,PAN,0,157,2.6166666666666667,>2h,22,6,0,2,Failure,3903,3,Failed,1,0,22,6,0,very_high,high,3,Current,Tablet,B552,3,6,5,2,0,1
TXN0069555,0,0,0,1,1188,1,0,North,19,6,1,high,low,0,0,0,0,1,0,0,0,No_Error,0,10,0.1666666666666666,<=15m,19,6,0,0,Success,1036,0,Synced,0,0,19,6,0,high,none,1,Current,Mobile,B320,3,6,1,0,1,1
TXN0032865,0,0,0,0,1000,1,0,South,6,6,1,moderate,low,1,0,0,0,0,0,0,0,No_Error,0,15,0.25,<=15m,6,6,0,0,Success,456,0,Synced,0,0,6,6,0,low,none,0,Savings,Mobile,B136,3,6,0,0,0,0
TXN0015509,0,0,0,0,1175,2,0,North,21,6,1,high,medium,0,0,0,0,1,0,1,0,No_Error,0,11,0.1833333333333333,<=15m,21,6,0,0,Success,978,0,Synced,0,0,21,6,0,moderate,none,0,Savings,Tablet,B190,3,6,0,0,1,0
TXN0068615,0,1,0,0,920,2,0,South,3,6,1,moderate,medium,1,0,0,0,0,0,0,1,PAN,1,98,1.6333333333333333,1-2h,3,6,0,3,Success,341,0,Synced,0,0,3,6,0,low,none,0,Savings,Mobile,B348,3,6,3,1,0,0
TXN0016130,0,0,0,0,1041,1,0,North,7,6,1,high,low,0,0,1,0,0,0,0,0,No_Error,0,128,2.1333333333333333,>2h,7,6,0,1,Success,1147,0,Synced,0,0,7,6,0,high,none,1,Current,Mobile,B463,3,6,2,0,1,1
TXN0005158,0,0,0,0,341,1,0,East,20,6,1,low,low,0,0,0,0,0,0,0,0,No_Error,0,98,1.6333333333333333,1-2h,20,6,0,1,Success,1155,0,Synced,0,0,20,6,0,high,none,1,Savings,Tablet,B424,3,6,2,0,0,1
TXN0045930,1,0,0,0,3686,1,1,South,11,6,1,very_high,low,1,1,0,0,0,1,1,0,No_Error,0,29,0.4833333333333333,15-30m,11,6,1,0,Success,806,0,Synced,0,0,11,6,1,moderate,none,0,Savings,Tablet,B231,3,6,2,1,1,0
TXN0030076,0,0,0,0,949,1,0,North,20,6,1,moderate,low,0,0,0,0,0,0,0,0,No_Error,0,87,1.45,1-2h,20,6,0,1,Success,1077,0,Synced,0,0,20,6,0,high,none,1,Current,Tablet,B362,3,6,2,0,0,1
TXN0083706,0,0,0,0,429,1,0,West,7,6,1,low,low,0,0,0,0,0,0,0,0,No_Error,0,172,2.8666666666666667,>2h,7,6,0,1,Success,652,0,Synced,0,0,7,6,0,moderate,none,0,Current,Mobile,B573,3,6,1,0,0,0
TXN0022492,0,1,0,1,1168,1,0,North,22,6,1,high,low,0,0,0,0,0,0,0,1,PAN,1,126,2.1,>2h,22,6,0,3,Success,497,0,Synced,0,0,22,6,0,low,none,0,Savings,Tablet,B173,3,6,3,1,1,0
TXN0039127,0,1,0,0,595,1,0,South,13,6,1,moderate,low,1,0,0,1,0,0,0,1,Address,1,278,4.633333333333334,>2h,13,6,0,3,Success,349,0,Synced,0,0,13,6,0,low,none,0,Savings,Tablet,B399,3,6,3,1,0,0
TXN0076994,0,0,0,0,567,1,0,West,15,6,1,moderate,low,0,0,0,0,0,0,0,0,No_Error,0,71,1.1833333333333331,1-2h,15,6,0,1,Success,385,0,Synced,0,0,15,6,0,low,none,0,Current,Mobile,B505,3,6,1,0,0,0
TXN0052794,0,0,0,0,398,1,0,West,4,6,1,low,low,0,0,0,0,0,0,0,0,No_Error,0,157,2.6166666666666667,>2h,4,6,0,1,Success,590,0,Synced,0,0,4,6,0,moderate,none,0,Savings,Mobile,B592,3,6,1,0,0,0
TXN0025239,0,0,0,0,1069,2,0,South,20,6,1,high,medium,0,0,1,1,0,0,0,0,No_Error,0,28,0.4666666666666667,15-30m,20,6,0,0,Success,470,0,Synced,0,0,20,6,0,low,none,0,Savings,Mobile,B588,3,6,0,0,1,0
TXN0027459,1,0,0,1,1029,1,0,South,16,6,1,high,low,1,0,0,0,0,0,1,0,No_Error,0,134,2.2333333333333334,>2h,16,6,0,1,Success,1139,0,Synced,0,0,16,6,0,high,none,1,Current,Mobile,B106,3,6,2,1,1,1
TXN0019777,0,0,0,0,945,1,0,East,23,6,1,moderate,low,0,1,0,0,0,0,0,0,No_Error,0,45,0.75,30-60m,23,6,0,0,Success,897,0,Synced,0,0,23,6,0,moderate,none,0,Savings,Mobile,B437,3,6,0,0,0,0
TXN0071573,0,0,0,0,803,1,0,South,4,6,1,moderate,low,0,0,0,0,0,0,0,0,No_Error,0,100,1.6666666666666667,1-2h,4,6,0,1,Success,866,0,Synced,0,0,4,6,0,moderate,none,0,Savings,Mobile,B567,3,6,1,0,0,0
TXN0038572,0,0,0,0,1110,3,0,North,2,6,1,high,high,0,0,0,0,0,0,0,0,No_Error,0,119,1.9833333333333332,1-2h,2,6,0,1,Success,831,0,Synced,0,0,2,6,0,moderate,none,0,Savings,Tablet,B189,3,6,1,0,1,0
TXN0083485,0,0,0,1,784,1,0,South,1,6,1,moderate,low,0,1,0,0,0,0,0,0,No_Error,0,144,2.4,>2h,1,6,0,1,Success,1196,0,Synced,0,0,1,6,0,high,none,1,Savings,Tablet,B141,3,6,2,0,0,1
TXN0064228,0,0,0,1,997,3,0,East,5,6,1,moderate,high,0,0,0,0,0,0,0,0,No_Error,0,120,2.0,1-2h,5,6,0,1,Success,904,0,Synced,0,0,5,6,0,moderate,none,0,Savings,Mobile,B252,3,6,1,0,0,0
TXN0041092,0,1,0,0,645,2,0,North,7,6,1,moderate,medium,0,0,0,1,0,0,0,1,Address,1,279,4.65,>2h,7,6,0,3,Success,383,0,Synced,0,0,7,6,0,low,none,0,Current,Tablet,B195,3,6,3,1,0,0
TXN0021745,0,0,1,0,377,1,0,North,22,6,1,low,low,0,0,0,0,0,0,0,0,No_Error,0,102,1.7,1-2h,22,6,0,1,Failure,2867,3,Failed,1,0,22,6,0,very_high,high,3,Savings,Mobile,B152,3,6,4,1,0,1
TXN0078453,0,0,0,0,450,1,0,North,21,6,1,low,low,0,0,0,0,1,0,0,0,No_Error,0,55,0.9166666666666666,30-60m,21,6,0,0,Success,641,0,Synced,0,0,21,6,0,moderate,none,0,Savings,Mobile,B345,3,6,0,0,0,0
TXN0019253,0,0,0,1,532,1,0,East,22,6,1,moderate,low,0,0,0,0,0,0,0,0,No_Error,0,46,0.7666666666666667,30-60m,22,6,0,0,Success,1164,0,Synced,0,0,22,6,0,high,none,1,Savings,Tablet,B441,3,6,1,0,0,1
TXN0039691,0,1,0,0,444,1,0,South,15,6,1,low,low,0,0,0,0,0,0,0,1,KYC_ID,0,161,2.683333333333333,>2h,15,6,0,2,Success,342,0,Synced,0,0,15,6,0,low,none,0,Current,Tablet,B332,3,6,2,1,0,0
TXN0016344,0,1,0,0,530,2,0,East,7,6,1,moderate,medium,0,0,0,1,0,0,0,1,PAN,1,64,1.0666666666666669,1-2h,7,6,0,3,Success,760,0,Synced,0,0,7,6,0,moderate,none,0,Savings,Tablet,B436,3,6,3,1,0,0
TXN0015820,0,0,0,0,259,2,0,South,3,6,1,low,medium,0,0,0,0,0,1,0,0,No_Error,0,128,2.1333333333333333,>2h,3,6,0,1,Success,1017,0,Synced,0,0,3,6,0,high,none,1,Savings,Mobile,B342,3,6,2,0,0,1
TXN0043641,0,0,0,1,477,1,0,North,2,6,1,low,low,0,0,0,0,0,0,0,0,No_Error,0,37,0.6166666666666667,30-60m,2,6,0,0,Success,477,0,Synced,0,0,2,6,0,low,none,0,Current,Tablet,B345,3,6,0,0,0,0
TXN0098991,0,0,0,0,1121,3,0,West,18,6,1,high,high,0,0,0,0,0,0,0,0,No_Error,0,138,2.3,>2h,18,6,0,1,Success,1034,0,Synced,0,0,18,6,0,high,none,1,Savings,Mobile,B235,3,6,2,0,1,1
TXN0026908,0,0,0,0,1022,1,0,West,1,6,1,high,low,0,1,0,0,0,0,0,0,No_Error,0,115,1.9166666666666667,1-2h,1,6,0,1,Success,1126,0,Synced,0,0,1,6,0,high,none,1,Savings,Tablet,B492,3,6,2,0,1,1
TXN0053676,0,0,0,0,2004,1,1,North,11,6,1,very_high,low,0,1,0,1,0,0,0,0,No_Error,0,158,2.6333333333333333,>2h,11,6,1,1,Success,317,0,Synced,0,0,11,6,1,low,none,0,Current,Mobile,B421,3,6,3,0,1,0
TXN0082299,0,0,1,1,484,1,0,East,16,6,1,low,low,0,0,0,0,0,0,0,0,No_Error,0,152,2.533333333333333,>2h,16,6,0,1,Failure,3585,3,Failed,1,0,16,6,0,very_high,high,3,Savings,Mobile,B567,3,6,4,1,0,1
TXN0041358,0,1,0,0,639,3,0,North,8,6,1,moderate,high,0,0,0,0,0,0,0,1,PAN,1,172,2.8666666666666667,>2h,8,6,0,3,Success,758,0,Synced,0,0,8,6,0,moderate,none,0,Current,Mobile,B531,3,6,3,1,0,0
TXN0005422,0,1,0,0,246,3,0,South,0,6,1,low,high,0,0,0,0,0,0,0,1,KYC_ID,0,65,1.0833333333333333,1-2h,0,6,0,2,Success,902,0,Synced,0,0,0,6,0,moderate,none,0,Savings,Mobile,B559,3,6,2,1,0,0
TXN0075258,0,0,0,0,722,1,0,West,4,6,1,moderate,low,0,1,0,0,0,0,0,0,No_Error,0,161,2.683333333333333,>2h,4,6,0,1,Success,342,0,Synced,0,0,4,6,0,low,none,0,Savings,Mobile,B521,3,6,1,0,0,0
TXN0038411,1,0,0,1,628,2,0,West,18,6,1,moderate,medium,1,0,0,1,0,0,0,0,No_Error,0,76,1.2666666666666666,1-2h,18,6,0,1,Success,777,0,Synced,0,0,18,6,0,moderate,none,0,Savings,Tablet,B422,3,6,1,1,0,0
TXN0088917,0,0,0,0,816,1,0,West,12,6,1,moderate,low,0,0,0,0,0,0,0,0,No_Error,0,53,0.8833333333333333,30-60m,12,6,0,0,Success,810,0,Synced,0,0,12,6,0,moderate,none,0,Current,Tablet,B398,3,6,0,0,0,0
TXN0077277,0,0,0,0,1175,1,0,East,22,6,1,high,low,0,0,0,0,0,0,0,0,No_Error,0,75,1.25,1-2h,22,6,0,1,Success,1107,0,Synced,0,0,22,6,0,high,none,1,Current,Mobile,B494,3,6,2,0,1,1
TXN0088148,0,1,0,0,870,2,0,South,7,6,1,moderate,medium,0,1,0,0,0,0,0,1,KYC_ID,0,85,1.4166666666666667,1-2h,7,6,0,2,Success,875,0,Synced,0,0,7,6,0,moderate,none,0,Current,Mobile,B346,3,6,2,1,0,0
TXN0046674,0,0,0,0,2445,1,1,West,9,6,1,very_high,low,1,0,0,0,0,1,0,0,No_Error,0,151,2.5166666666666666,>2h,9,6,1,1,Success,770,0,Synced,0,0,9,6,1,moderate,none,0,Savings,Tablet,B274,3,6,3,0,1,0
TXN0033104,0,0,0,0,776,1,0,West,23,6,1,moderate,low,0,0,0,0,0,0,0,0,No_Error,0,14,0.2333333333333333,<=15m,23,6,0,0,Success,685,0,Synced,0,0,23,6,0,moderate,none,0,Current,Tablet,B351,3,6,0,0,0,0
TXN0023264,0,0,0,0,1123,1,0,West,16,6,1,high,low,0,0,0,0,0,0,0,0,No_Error,0,8,0.1333333333333333,<=15m,16,6,0,0,Success,1101,0,Synced,0,0,16,6,0,high,none,1,Savings,Mobile,B535,3,6,1,0,1,1
TXN0080509,0,1,0,0,583,2,0,East,7,6,1,moderate,medium,0,0,0,0,0,0,1,1,KYC_ID,1,185,3.083333333333333,>2h,7,6,0,3,Success,605,0,Synced,0,0,7,6,0,moderate,none,0,Current,Tablet,B137,3,6,3,1,0,0
TXN0065787,1,0,0,0,2603,1,1,West,10,6,1,very_high,low,0,1,0,0,0,1,1,0,No_Error,0,23,0.3833333333333333,15-30m,10,6,1,0,Success,880,0,Synced,0,0,10,6,1,moderate,none,0,Current,Mobile,B538,3,6,2,1,1,0
TXN0039649,0,0,0,0,1172,1,0,West,13,6,1,high,low,0,0,0,0,0,0,0,0,No_Error,0,130,2.1666666666666665,>2h,13,6,0,1,Success,604,0,Synced,0,0,13,6,0,moderate,none,0,Savings,Tablet,B267,3,6,1,0,1,0
TXN0013852,0,0,0,0,726,1,0,South,16,6,1,moderate,low,0,0,0,1,0,0,0,0,No_Error,0,150,2.5,>2h,16,6,0,1,Success,1048,0,Synced,0,0,16,6,0,high,none,1,Savings,Tablet,B175,3,6,2,0,0,1
TXN0037815,0,0,0,0,903,1,0,North,8,6,1,moderate,low,0,0,0,0,0,0,0,0,No_Error,0,134,2.2333333333333334,>2h,8,6,0,1,Success,1007,0,Synced,0,0,8,6,0,high,none,1,Savings,Mobile,B173,3,6,2,0,0,1
TXN0036505,1,1,0,0,481,1,0,East,12,6,1,low,low,0,0,0,0,0,0,0,1,KYC_ID,0,65,1.0833333333333333,1-2h,12,6,0,2,Success,459,0,Synced,0,0,12,6,0,low,none,0,Current,Mobile,B287,3,6,2,2,0,0
TXN0014311,1,0,0,0,551,1,0,West,16,6,1,moderate,low,0,0,0,0,0,0,0,0,No_Error,0,147,2.45,>2h,16,6,0,1,Success,570,0,Synced,0,0,16,6,0,moderate,none,0,Savings,Tablet,B407,3,6,1,1,0,0
TXN0092954,0,1,0,0,404,3,0,South,1,6,1,low,high,0,0,0,0,0,0,0,1,KYC_ID,0,216,3.6,>2h,1,6,0,2,Success,745,0,Synced,0,0,1,6,0,moderate,none,0,Current,Mobile,B337,3,6,2,1,0,0
TXN0067555,1,0,0,0,1063,1,0,North,6,6,1,high,low,0,0,0,0,0,0,0,0,No_Error,0,117,1.95,1-2h,6,6,0,1,Success,559,0,Synced,0,0,6,6,0,moderate,none,0,Savings,Mobile,B333,3,6,1,1,1,0
TXN0094449,0,0,0,0,2963,1,1,East,11,6,1,very_high,low,0,1,1,0,0,0,1,0,No_Error,0,56,0.9333333333333332,30-60m,11,6,1,0,Success,1094,0,Synced,0,0,11,6,1,high,none,1,Savings,Mobile,B190,3,6,3,0,1,1
TXN0083528,0,0,0,0,1146,1,0,North,5,6,1,high,low,0,0,0,0,0,1,0,0,No_Error,0,120,2.0,1-2h,5,6,0,1,Success,601,0,Synced,0,0,5,6,0,moderate,none,0,Current,Tablet,B451,3,6,1,0,1,0
TXN0005104,0,0,0,0,498,2,0,West,8,6,1,low,medium,0,0,0,0,0,0,0,0,No_Error,0,112,1.8666666666666667,1-2h,8,6,0,1,Success,1107,0,Synced,0,0,8,6,0,high,none,1,Current,Mobile,B385,3,6,2,0,0,1
TXN0045685,0,1,0,0,668,2,0,West,13,6,1,moderate,medium,0,0,0,0,0,0,0,1,PAN,0,76,1.2666666666666666,1-2h,13,6,0,2,Success,1150,0,Synced,0,0,13,6,0,high,none,1,Savings,Tablet,B491,3,6,3,1,0,1
TXN0087010,0,0,0,0,759,1,0,South,2,6,1,moderate,low,0,0,0,0,0,0,0,0,No_Error,0,55,0.9166666666666666,30-60m,2,6,0,0,Success,1027,0,Synced,0,0,2,6,0,high,none,1,Current,Mobile,B529,3,6,1,0,0,1
TXN0041433,0,0,0,0,587,2,0,East,19,6,1,moderate,medium,0,1,0,0,0,0,0,0,No_Error,0,178,2.966666666666667,>2h,19,6,0,1,Success,443,0,Synced,0,0,19,6,0,low,none,0,Savings,Mobile,B560,3,6,1,0,0,0
TXN0004911,1,0,0,1,976,3,0,West,19,6,1,moderate,high,0,0,1,1,0,0,0,0,No_Error,0,31,0.5166666666666667,30-60m,19,6,0,0,Success,1085,0,Synced,0,0,19,6,0,high,none,1,Current,Tablet,B247,3,6,1,1,0,1
TXN0095877,0,0,0,0,824,1,0,East,7,6,1,moderate,low,1,0,0,1,0,0,0,0,No_Error,0,128,2.1333333333333333,>2h,7,6,0,1,Success,422,0,Synced,0,0,7,6,0,low,none,0,Savings,Mobile,B582,3,6,1,0,0,0
TXN0057434,1,0,0,1,3677,1,1,West,9,6,1,very_high,low,1,1,0,0,0,0,1,0,No_Error,0,132,2.2,>2h,9,6,1,1,Success,1014,0,Synced,0,0,9,6,1,high,none,1,Savings,Tablet,B430,3,6,4,1,1,1
TXN0001576,1,0,0,0,204,1,0,North,17,6,1,low,low,0,0,0,0,0,1,0,0,No_Error,0,96,1.6,1-2h,17,6,0,1,Success,1008,0,Synced,0,0,17,6,0,high,none,1,Savings,Tablet,B268,3,6,2,1,0,1
TXN0012432,0,0,0,0,825,1,0,West,7,6,1,moderate,low,0,0,0,0,0,0,0,0,No_Error,0,106,1.7666666666666666,1-2h,7,6,0,1,Success,1003,0,Synced,0,0,7,6,0,high,none,1,Savings,Tablet,B414,3,6,2,0,0,1
TXN0072344,1,1,0,1,1967,2,1,East,11,6,1,high,medium,0,1,1,0,0,0,1,1,PAN,0,138,2.3,>2h,11,6,1,2,Success,593,0,Synced,0,0,11,6,1,moderate,none,0,Savings,Mobile,B519,3,6,4,2,1,0
TXN0027000,1,1,0,1,1131,1,0,South,2,6,1,high,low,0,1,0,0,0,1,0,1,DOB,1,106,1.7666666666666666,1-2h,2,6,0,3,Success,739,0,Synced,0,0,2,6,0,moderate,none,0,Savings,Mobile,B254,3,6,3,2,1,0
TXN0064473,0,0,1,1,220,1,0,South,22,6,1,low,low,0,0,1,0,0,0,0,0,No_Error,0,151,2.5166666666666666,>2h,22,6,0,1,Failure,4821,2,Failed,1,0,22,6,0,very_high,medium,3,Current,Mobile,B539,3,6,4,1,0,1
TXN0069763,0,0,0,0,647,1,0,South,12,6,1,moderate,low,0,0,0,0,0,0,0,0,No_Error,0,130,2.1666666666666665,>2h,12,6,0,1,Success,777,0,Synced,0,0,12,6,0,moderate,none,0,Current,Mobile,B580,3,6,1,0,0,0
TXN0066053,1,0,0,1,3339,2,1,South,9,6,1,very_high,medium,0,0,0,1,0,1,1,0,No_Error,0,148,2.466666666666667,>2h,9,6,1,1,Success,413,0,Synced,0,0,9,6,1,low,none,0,Current,Mobile,B311,3,6,3,1,1,0
TXN0005448,0,0,0,0,556,1,0,North,19,6,1,moderate,low,0,0,0,0,0,0,0,0,No_Error,0,30,0.5,15-30m,19,6,0,0,Success,613,0,Synced,0,0,19,6,0,moderate,none,0,Current,Tablet,B286,3,6,0,0,0,0
TXN0084020,0,1,0,0,343,1,0,West,5,6,1,low,low,1,0,0,0,0,0,1,1,Address,1,183,3.05,>2h,5,6,0,3,Success,878,0,Synced,0,0,5,6,0,moderate,none,0,Current,Mobile,B575,3,6,3,1,0,0
TXN0067051,0,0,0,0,353,2,0,East,12,6,1,low,medium,0,0,0,0,0,0,0,0,No_Error,0,114,1.9,1-2h,12,6,0,1,Success,475,0,Synced,0,0,12,6,0,low,none,0,Savings,Tablet,B465,3,6,1,0,0,0
TXN0001938,0,1,0,0,893,1,0,North,7,6,1,moderate,low,0,0,0,0,0,0,0,1,KYC_ID,1,147,2.45,>2h,7,6,0,3,Success,914,0,Synced,0,0,7,6,0,moderate,none,0,Current,Mobile,B262,3,6,3,1,0,0
TXN0015394,0,0,0,0,265,1,0,North,22,6,1,low,low,0,0,1,0,0,0,0,0,No_Error,0,24,0.4,15-30m,22,6,0,0,Success,475,0,Synced,0,0,22,6,0,low,none,0,Current,Mobile,B489,3,6,0,0,0,0
TXN0085618,0,1,1,1,491,2,0,North,2,6,1,low,medium,0,0,0,0,1,0,0,1,KYC_ID,1,267,4.45,>2h,2,6,0,3,Failure,3720,2,Failed,1,0,2,6,0,very_high,medium,3,Savings,Tablet,B444,3,6,6,2,0,1
TXN0002436,0,1,0,0,887,1,0,East,15,6,1,moderate,low,0,0,0,0,0,0,0,1,Address,1,61,1.0166666666666666,1-2h,15,6,0,3,Success,765,0,Synced,0,0,15,6,0,moderate,none,0,Current,Tablet,B233,3,6,3,1,0,0
TXN0059243,0,1,0,1,766,1,0,South,21,6,1,moderate,low,0,1,0,0,0,1,0,1,DOB,1,69,1.15,1-2h,21,6,0,3,Success,318,0,Synced,0,0,21,6,0,low,none,0,Savings,Mobile,B316,3,6,3,1,0,0
TXN0062938,0,0,0,0,792,1,0,West,4,6,1,moderate,low,0,0,0,0,0,0,0,0,No_Error,0,156,2.6,>2h,4,6,0,1,Success,655,0,Synced,0,0,4,6,0,moderate,none,0,Savings,Mobile,B480,3,6,1,0,0,0
TXN0086172,0,0,0,0,243,1,0,North,17,6,1,low,low,0,0,0,0,0,0,1,0,No_Error,0,143,2.3833333333333333,>2h,17,6,0,1,Success,669,0,Synced,0,0,17,6,0,moderate,none,0,Current,Tablet,B516,3,6,1,0,0,0
TXN0013039,1,0,0,1,911,1,0,West,23,6,1,moderate,low,0,0,0,0,0,0,0,0,No_Error,0,13,0.2166666666666666,<=15m,23,6,0,0,Success,1013,0,Synced,0,0,23,6,0,high,none,1,Savings,Mobile,B350,3,6,1,1,0,1
TXN0080794,0,0,0,1,812,1,0,East,4,6,1,moderate,low,0,0,0,0,0,0,0,0,No_Error,0,52,0.8666666666666667,30-60m,4,6,0,0,Success,863,0,Synced,0,0,4,6,0,moderate,none,0,Savings,Mobile,B175,3,6,0,0,0,0
TXN0043296,0,1,1,1,720,1,0,North,3,6,1,moderate,low,0,0,0,0,0,0,1,1,PAN,0,162,2.7,>2h,3,6,0,2,Failure,2919,3,Failed,1,0,3,6,0,very_high,high,3,Current,Mobile,B573,3,6,5,2,0,1
TXN0004881,1,0,0,1,3761,2,1,North,11,6,1,very_high,medium,1,1,0,0,0,0,1,0,No_Error,0,6,0.1,<=15m,11,6,1,0,Success,691,0,Synced,0,0,11,6,1,moderate,none,0,Savings,Mobile,B373,3,6,2,1,1,0
TXN0042166,1,0,0,1,926,1,0,West,20,6,1,moderate,low,0,0,0,1,0,0,1,0,No_Error,0,169,2.816666666666667,>2h,20,6,0,1,Success,590,0,Synced,0,0,20,6,0,moderate,none,0,Current,Tablet,B263,3,6,1,1,0,0
TXN0058644,0,0,0,0,831,1,0,West,6,6,1,moderate,low,0,0,0,0,0,0,0,0,No_Error,0,173,2.8833333333333333,>2h,6,6,0,1,Success,333,0,Synced,0,0,6,6,0,low,none,0,Savings,Mobile,B120,3,6,1,0,0,0
TXN0051089,0,0,0,0,1076,1,0,North,15,6,1,high,low,0,1,0,0,0,0,0,0,No_Error,0,42,0.7,30-60m,15,6,0,0,Success,808,0,Synced,0,0,15,6,0,moderate,none,0,Savings,Mobile,B525,3,6,0,0,1,0
TXN0021583,0,0,0,0,978,1,0,West,7,6,1,moderate,low,0,0,0,0,0,1,0,0,No_Error,0,46,0.7666666666666667,30-60m,7,6,0,0,Success,653,0,Synced,0,0,7,6,0,moderate,none,0,Current,Mobile,B101,3,6,0,0,0,0
TXN0025114,0,0,1,0,1192,1,0,North,8,6,1,high,low,0,0,0,0,0,0,0,0,No_Error,0,34,0.5666666666666667,30-60m,8,6,0,0,Failure,2358,1,Failed,1,0,8,6,0,very_high,low,3,Current,Mobile,B435,3,6,3,1,1,1
TXN0054417,0,0,0,0,520,2,0,West,19,6,1,moderate,medium,0,0,0,0,0,0,0,0,No_Error,0,74,1.2333333333333334,1-2h,19,6,0,1,Success,1155,0,Synced,0,0,19,6,0,high,none,1,Savings,Tablet,B448,3,6,2,0,0,1
TXN0065630,0,0,0,1,386,1,0,North,1,6,1,low,low,0,0,0,0,0,0,0,0,No_Error,0,86,1.4333333333333331,1-2h,1,6,0,1,Success,853,0,Synced,0,0,1,6,0,moderate,none,0,Savings,Tablet,B163,3,6,1,0,0,0
TXN0076678,0,0,0,0,485,2,0,West,4,6,1,low,medium,0,0,1,0,0,0,0,0,No_Error,0,120,2.0,1-2h,4,6,0,1,Success,797,0,Synced,0,0,4,6,0,moderate,none,0,Savings,Mobile,B474,3,6,1,0,0,0
TXN0067174,1,0,0,0,2744,2,1,North,11,6,1,very_high,medium,0,1,0,0,0,0,1,0,No_Error,0,166,2.7666666666666666,>2h,11,6,1,1,Success,528,0,Synced,0,0,11,6,1,moderate,none,0,Savings,Mobile,B322,3,6,3,1,1,0
